target,apo_structure,rank,residue_id,chain_id,residue_number,residue_name,score
KRAS G12C,4OBE,1,A:60,A,60,GLY,2.0
KRAS G12C,4OBE,2,A:61,A,61,GLN,2.0
KRAS G12C,4OBE,3,A:68,A,68,ARG,2.0
KRAS G12C,4OBE,4,A:96,A,96,TYR,2.0
KRAS G12C,4OBE,5,A:99,A,99,GLN,2.0
BCR-ABL1,1OPL,1,A:356,A,356,ALA,2.0
BCR-ABL1,1OPL,2,A:359,A,359,LEU,2.0
BCR-ABL1,1OPL,3,A:360,A,360,LEU,2.0
BCR-ABL1,1OPL,4,A:452,A,452,ALA,2.0
BCR-ABL1,1OPL,5,A:487,A,487,VAL,2.0
Cardiac myosin,5TBY,1,A:164,A,164,TYR,2.0
Cardiac myosin,5TBY,2,A:168,A,168,ASP,2.0
Cardiac myosin,5TBY,3,A:666,A,666,HIS,2.0
Cardiac myosin,5TBY,4,A:770,A,770,LEU,2.0
Cardiac myosin,5TBY,5,A:774,A,774,GLU,2.0
c-Myc/Max,1NKP,1,A:973,A,973,GLN,2.0
c-Myc/Max,1NKP,2,A:977,A,977,LYS,2.0
c-Myc/Max,1NKP,3,B:275,B,275,GLU,2.0
c-Myc/Max,1NKP,4,B:278,B,278,VAL,2.0
c-Myc/Max,1NKP,5,B:279,B,279,ARG,2.0
