-1.142857142857142821e-01,1.740804798851476164e-03,2.727683999621068923e-04,9.577130570275462157e-04,1.191873194575233290e-03,6.836055032297514876e-04,4.527635314438042350e-04,2.850775985344091638e-04,4.191373768191949153e-04,2.098838030711391931e-04,1.221055707433997095e-04,1.397661843352079761e-04,3.036409922485174382e-07,2.696151465377737234e-07,8.180647857424944714e-07,3.881798408156416691e-07,3.636604911103149310e-06,2.888782845980500042e-06,2.708487122294530875e-05,6.455776483876378674e-05,4.475959415445560525e-05,1.138460475374364919e-04,3.826038575080716801e-05,2.095756847235709795e-05,1.445388864051666986e-05,1.382430751018203698e-05,1.910641964716911558e-05,4.515961440497198021e-05,3.165225712453971388e-04,1.848610578616051870e-04,5.291324112660770497e-04,3.640850849526444145e-04,3.849972789585964978e-04,3.228609011412543993e-04,2.082073769751851655e-04
0.000000000000000000e+00,-5.142857142857142350e-01,5.260716475882814191e-04,3.284721854833521672e-03,5.622688166667000331e-03,4.163182794616168518e-03,6.853319231901422405e-04,2.515056588277663342e-04,2.084429880973432715e-03,1.294213467490678117e-03,6.569921867230975017e-04,4.595624005480447669e-04,7.902691544282219925e-06,5.758114317869703075e-06,3.552354306369137252e-05,2.094630309938605645e-05,4.538859183263571799e-06,1.877123407347630716e-05,1.290699815248590773e-04,4.762220341344798515e-04,4.174378958554652718e-04,4.648458904520945726e-04,6.833047909611192220e-04,4.019956936513213210e-04,3.525114787327658455e-04,3.353396457372131946e-04,3.734396342870200292e-04,7.822549817172362802e-04,2.387573765579504778e-03,3.501116049449461750e-03,7.894731275275752164e-03,4.760112827142433042e-03,5.410858860003494794e-03,3.041791871860365874e-03,7.267325564548511715e-04
0.000000000000000000e+00,0.000000000000000000e+00,-2.857142857142857054e-02,1.158694594556060461e-04,1.072164743560693285e-04,7.805823301769527155e-05,3.122602126670327830e-05,2.902084043112144489e-05,3.226234344843036421e-05,1.778422259087503068e-05,7.458609711568015437e-06,9.256087182082546402e-06,1.725302657601932291e-07,2.034601375973015260e-07,7.538938880419741402e-07,3.501830423652091607e-07,2.353715540853967980e-07,1.719730015563553581e-07,1.564939288592961227e-06,6.666898017510832411e-06,8.741473462882472543e-06,2.550429285722036213e-05,2.467249755443639975e-05,8.505706453741391156e-06,5.908912123106878102e-06,7.907974259308958909e-06,9.705082668707614571e-06,6.158825975892410814e-05,2.903443712991658895e-04,1.277264085218991871e-04,2.623806257955752365e-04,1.560808648844022519e-04,2.089476306975453950e-04,1.305847947681986767e-04,1.364738805595377405e-04
0.000000000000000000e+00,0.000000000000000000e+00,0.000000000000000000e+00,-3.428571428571428603e-01,6.364518717890300589e-03,6.399864462266305863e-03,2.562188375862015522e-03,7.268020675443210730e-04,3.318595927882757313e-03,3.099919219457616167e-03,3.662259243183661750e-03,4.646813402194465738e-03,5.591259384346369083e-05,3.371678809314509204e-05,8.069606362539804222e-05,5.553633817759073984e-05,1.579868117895919433e-04,4.518167843262410653e-04,1.927428977758181622e-03,3.404154876544426833e-03,2.846771984419080651e-03,2.824226659575961983e-03,7.758918405736188635e-04,3.477880530545113843e-04,7.768539849319883281e-05,3.818695006382662481e-05,2.532057754287835404e-05,4.227701682208379139e-04,8.675894907631196947e-04,1.004350814613426401e-03,1.665076730431533543e-03,6.761960426141745608e-04,4.472479740446033930e-04,2.472911750054692238e-04,5.331773427225632413e-05
0.000000000000000000e+00,0.000000000000000000e+00,0.000000000000000000e+00,0.000000000000000000e+00,-7.428571428571428825e-01,1.565452378404547443e-02,2.487960881951854861e-03,1.113016952664795667e-03,1.345722621664689582e-02,9.836572651855854041e-03,6.785276939090210784e-03,2.238268812746165796e-03,9.067046883825492575e-06,4.760090323241176654e-06,2.476376996072516211e-05,1.814902035688586342e-05,4.558716734944527800e-05,3.480504095479583482e-04,1.025751896065701984e-03,3.448336583392737961e-03,1.785043733120562567e-03,8.968367494980862380e-04,5.029596577334050468e-04,4.357706936541122142e-04,2.677577767137340518e-04,2.036022421004844284e-04,1.191328767357949226e-04,2.576415777446513502e-04,7.017065877480761944e-04,2.523148844896947341e-03,3.321667284107679158e-03,3.155679403410417694e-03,1.535381341136727315e-03,1.394957694624598997e-03,1.450425521295797794e-04
0.000000000000000000e+00,0.000000000000000000e+00,0.000000000000000000e+00,0.000000000000000000e+00,0.000000000000000000e+00,-1.000000000000000000e+00,2.886674235332642360e-03,1.016008848643508216e-03,1.442267568211604012e-02,1.548803920987722876e-02,1.278649269368113857e-02,3.185447960035602769e-03,3.944847505010020154e-05,8.485329634116329411e-06,9.254090868222711091e-05,6.484470371403660530e-05,1.025922636233493157e-04,8.539707679629901949e-04,2.015571172821022973e-03,7.535025191359715283e-03,3.152263771258325201e-03,1.337516355230771847e-03,7.079964090590839306e-04,5.446669812799608988e-04,2.087614629440871067e-04,1.118630867946836054e-04,6.841441179825054125e-05,3.295590212593313656e-04,8.030926871656550404e-04,4.393832190577752657e-03,3.253300321924602195e-03,3.200098563237021004e-03,1.103676330752371504e-03,6.946792256600963162e-04,7.036566946682782091e-05
0.000000000000000000e+00,0.000000000000000000e+00,0.000000000000000000e+00,0.000000000000000000e+00,0.000000000000000000e+00,0.000000000000000000e+00,-1.428571428571428492e-01,1.128440129153339367e-03,2.570492124964194984e-03,2.505669359709947024e-03,2.690361862768535922e-03,2.220161789380353193e-03,1.131307393220550632e-05,4.229365295685340821e-06,3.466887046549323334e-06,6.571174687427961756e-06,2.014235073706359012e-04,2.759843499016575129e-04,1.213949704656162388e-03,1.545250088262161434e-03,9.458981090250656977e-04,7.722764031574910239e-04,2.411710591178124101e-04,1.752496716103641263e-04,4.910809816295906902e-05,1.047324028526791257e-05,9.636621959397396434e-06,1.335241214165394110e-04,2.794236541975024285e-04,3.131208624966859530e-04,5.082342556281587093e-04,2.448779133853338998e-04,1.222703192226909851e-04,6.641408123706396918e-05,2.157264645668225867e-05
0.000000000000000000e+00,0.000000000000000000e+00,0.000000000000000000e+00,0.000000000000000000e+00,0.000000000000000000e+00,0.000000000000000000e+00,0.000000000000000000e+00,-5.714285714285714107e-02,1.252019347683188712e-03,9.834091651655418095e-04,7.848978543781727057e-04,4.214419495712661196e-04,7.659582890322930765e-07,4.836217565528817537e-07,1.744207316650636954e-06,1.867902205051340568e-06,4.254672632642797313e-05,3.959740550951929483e-05,2.162127497716691987e-04,3.003538584507402373e-04,1.697253209995050721e-04,1.395510889470087407e-04,5.333811145059351509e-05,5.082446807650689585e-05,2.056109361483012985e-05,5.838953487928303072e-06,7.768900224660010007e-06,2.808239098186802248e-05,8.199109756901167554e-05,1.144955856481912185e-04,1.856033224245990417e-04,1.311499979880587574e-04,6.572687370859272562e-05,4.775764759273638398e-05,1.556895246069537705e-05
0.000000000000000000e+00,0.000000000000000000e+00,0.000000000000000000e+00,0.000000000000000000e+00,0.000000000000000000e+00,0.000000000000000000e+00,0.000000000000000000e+00,0.000000000000000000e+00,-7.714285714285714635e-01,1.700170836975890484e-02,1.089595443452606553e-02,1.756498253067942687e-03,4.983174261845104794e-06,1.802197524216268683e-06,2.087874471183622034e-05,2.605592477217341679e-05,4.415393604173433926e-05,4.674270144703376569e-04,1.247022627492263419e-03,3.810237853804429673e-03,1.462292472032822354e-03,5.577589000996355543e-04,5.805037490620813595e-04,6.773018391369351214e-04,2.905980888704120450e-04,1.371156401466577595e-04,1.252972136425301703e-04,1.841917099318256463e-04,4.393848944709625418e-04,2.849861778544767691e-03,2.279791816152198104e-03,2.768078819992326849e-03,8.921266047163631686e-04,8.334064738729225329e-04,6.967296628770649960e-05
0.000000000000000000e+00,0.000000000000000000e+00,0.000000000000000000e+00,0.000000000000000000e+00,0.000000000000000000e+00,0.000000000000000000e+00,0.000000000000000000e+00,0.000000000000000000e+00,0.000000000000000000e+00,-8.857142857142856762e-01,1.610066065915733910e-02,2.289874049569793485e-03,2.182513411068484976e-05,1.386617056970529106e-06,4.349513293082113186e-05,5.036367209208552265e-05,9.342253594757654871e-05,1.135884612012886099e-03,2.176193056508415446e-03,6.925763562399091418e-03,2.285567787481809863e-03,7.435119710888432121e-04,9.832890612572840056e-04,1.109004923964125502e-03,2.186658954551502093e-04,7.156634775213501615e-05,6.398547930239808232e-05,2.865597169026519128e-04,4.136185864053692324e-04,3.223062851525585349e-03,1.718610345225907729e-03,1.881833197153388090e-03,4.298775813232000309e-04,3.378862054405841107e-04,2.516643522335273471e-05
0.000000000000000000e+00,0.000000000000000000e+00,0.000000000000000000e+00,0.000000000000000000e+00,0.000000000000000000e+00,0.000000000000000000e+00,0.000000000000000000e+00,0.000000000000000000e+00,0.000000000000000000e+00,0.000000000000000000e+00,-8.571428571428570953e-01,4.929329076420225705e-03,2.268075780162216769e-04,5.623567704397466216e-05,4.366806365861341209e-04,3.554845457804996656e-04,4.426259206780170990e-04,4.612037987761416317e-03,6.166985994541272949e-03,1.482853574011529577e-02,5.755943601837069240e-03,1.671980350887637299e-03,6.272949352917153070e-04,5.544252194461274938e-04,4.160998266709149782e-05,9.743329088203866447e-06,3.419224777378446067e-06,1.593636510614036405e-04,1.796852279834814162e-04,1.128101909505788668e-03,6.898781137316043182e-04,4.706940555545538669e-04,9.782682896275418855e-05,5.345902223389027035e-05,3.251728261294925073e-06
0.000000000000000000e+00,0.000000000000000000e+00,0.000000000000000000e+00,0.000000000000000000e+00,0.000000000000000000e+00,0.000000000000000000e+00,0.000000000000000000e+00,0.000000000000000000e+00,0.000000000000000000e+00,0.000000000000000000e+00,0.000000000000000000e+00,-3.142857142857142794e-01,4.180248854078275349e-04,1.194632631600461273e-04,3.342332824939324041e-04,1.829638651001117347e-04,8.636247854286769688e-04,2.639874626056770181e-03,5.639064539522254185e-03,6.033419495936625902e-03,5.317851856003129665e-03,3.636296811091721797e-03,3.146004987307957600e-04,1.296262244977693415e-04,5.120446724196857031e-06,1.481945960905836954e-06,3.390919825332311598e-07,1.090834874937732398e-04,1.324035811377978088e-04,1.876530529456930507e-04,2.703872909068563007e-04,5.216769938180765233e-05,2.869068086161756531e-05,8.830378198320996779e-06,1.354235022271065237e-06
0.000000000000000000e+00,0.000000000000000000e+00,0.000000000000000000e+00,0.000000000000000000e+00,0.000000000000000000e+00,0.000000000000000000e+00,0.000000000000000000e+00,0.000000000000000000e+00,0.000000000000000000e+00,0.000000000000000000e+00,0.000000000000000000e+00,0.000000000000000000e+00,-6.571428571428571397e-01,5.210622536595441515e-03,1.139619497214309878e-02,5.606211839176559672e-03,1.546356183739481833e-04,1.088044209457071079e-03,7.916214674744844176e-04,1.376526964445005290e-03,2.639054508165525770e-03,7.280412906194489884e-04,2.701910554244443602e-04,6.089815309844026896e-05,1.061104748803113823e-06,5.401194093197747588e-08,1.167188271981552274e-08,6.738716759159744355e-05,1.553483178011724671e-05,2.761646597885183968e-05,1.549461823737536756e-05,2.061014062269466825e-06,7.219169912597026695e-07,1.031342809386334845e-07,6.482108239305164648e-09
0.000000000000000000e+00,0.000000000000000000e+00,0.000000000000000000e+00,0.000000000000000000e+00,0.000000000000000000e+00,0.000000000000000000e+00,0.000000000000000000e+00,0.000000000000000000e+00,0.000000000000000000e+00,0.000000000000000000e+00,0.000000000000000000e+00,0.000000000000000000e+00,0.000000000000000000e+00,-2.857142857142856984e-01,6.288905155471078735e-03,5.083014138348304449e-03,6.636171522080710973e-05,3.045290610924187191e-04,2.964090173259896835e-04,3.628723271284779836e-04,7.226127001478698832e-04,6.099096199223030031e-04,4.801056328648264471e-04,1.238235890053065069e-04,2.209057672055591548e-06,1.023205827087364479e-07,4.426632718225227669e-08,1.675828083646256400e-04,2.888435146981309910e-05,2.763212882046002194e-05,1.660727893894958391e-05,1.804898055172197676e-06,7.685438258464800234e-07,9.209282745499986502e-08,1.442551337874641638e-08
0.000000000000000000e+00,0.000000000000000000e+00,0.000000000000000000e+00,0.000000000000000000e+00,0.000000000000000000e+00,0.000000000000000000e+00,0.000000000000000000e+00,0.000000000000000000e+00,0.000000000000000000e+00,0.000000000000000000e+00,0.000000000000000000e+00,0.000000000000000000e+00,0.000000000000000000e+00,0.000000000000000000e+00,-7.142857142857143016e-01,1.180723673159011708e-02,1.023518876629333477e-04,1.101804920907528251e-03,9.293495814394391258e-04,1.972034629488322692e-03,2.901964857209333830e-03,1.231782065681102326e-03,1.308423539608763019e-03,4.758036514286758788e-04,2.460235915993508530e-05,1.117660677407284872e-06,3.735480324188341957e-07,3.557450572208516225e-04,8.951986363795311197e-05,2.445095572165891266e-04,9.608434170096309440e-05,1.635391846599624859e-05,6.418341366252254403e-06,1.321150065796355779e-06,9.402023300910074928e-08
0.000000000000000000e+00,0.000000000000000000e+00,0.000000000000000000e+00,0.000000000000000000e+00,0.000000000000000000e+00,0.000000000000000000e+00,0.000000000000000000e+00,0.000000000000000000e+00,0.000000000000000000e+00,0.000000000000000000e+00,0.000000000000000000e+00,0.000000000000000000e+00,0.000000000000000000e+00,0.000000000000000000e+00,0.000000000000000000e+00,-6.285714285714285587e-01,6.191322805806946043e-05,7.982720072215970623e-04,6.783585593897315837e-04,1.210034896894411410e-03,1.655903895451821869e-03,5.349036011184553439e-04,1.735617673628086751e-03,8.338663335973189872e-04,5.493615127522049674e-05,3.675286752725310078e-06,1.024510494141940116e-06,4.014615609648926851e-04,7.285771848128794377e-05,2.382886970856053503e-04,9.386342734219817370e-05,1.986392216288606022e-05,6.716370110419639574e-06,1.256715219850626922e-06,8.909967535020631078e-08
0.000000000000000000e+00,0.000000000000000000e+00,0.000000000000000000e+00,0.000000000000000000e+00,0.000000000000000000e+00,0.000000000000000000e+00,0.000000000000000000e+00,0.000000000000000000e+00,0.000000000000000000e+00,0.000000000000000000e+00,0.000000000000000000e+00,0.000000000000000000e+00,0.000000000000000000e+00,0.000000000000000000e+00,0.000000000000000000e+00,0.000000000000000000e+00,-8.571428571428571508e-02,1.885883938054527809e-03,1.574670231704596718e-03,1.052007328067468142e-03,1.066691085675869647e-03,5.127237108365151688e-04,1.707867251339492592e-05,5.677363136320287884e-06,2.609700111008276658e-08,1.654410522847051979e-09,5.474771338833162153e-10,4.813802949385112823e-06,2.570226692110136542e-06,2.073341129932867588e-06,1.503744477146940925e-06,2.665976306386425636e-07,7.314113849731970230e-08,1.463880794205712101e-08,1.985351277632785162e-09
0.000000000000000000e+00,0.000000000000000000e+00,0.000000000000000000e+00,0.000000000000000000e+00,0.000000000000000000e+00,0.000000000000000000e+00,0.000000000000000000e+00,0.000000000000000000e+00,0.000000000000000000e+00,0.000000000000000000e+00,0.000000000000000000e+00,0.000000000000000000e+00,0.000000000000000000e+00,0.000000000000000000e+00,0.000000000000000000e+00,0.000000000000000000e+00,0.000000000000000000e+00,-8.000000000000000444e-01,7.084868534757422613e-03,1.067030569624603450e-02,6.441171954113220598e-03,1.478365164012269842e-03,1.210298276283337549e-04,5.610502777815294580e-05,3.337863513890909086e-07,9.552190615002895364e-09,2.972398125331779264e-09,2.237186863486828118e-05,8.566753205545708021e-06,3.194334376898870764e-05,1.131713957120875561e-05,3.034555943838163331e-06,4.873444293337611508e-07,6.504094050229266914e-08,2.554622548935797401e-09
0.000000000000000000e+00,0.000000000000000000e+00,0.000000000000000000e+00,0.000000000000000000e+00,0.000000000000000000e+00,0.000000000000000000e+00,0.000000000000000000e+00,0.000000000000000000e+00,0.000000000000000000e+00,0.000000000000000000e+00,0.000000000000000000e+00,0.000000000000000000e+00,0.000000000000000000e+00,0.000000000000000000e+00,0.000000000000000000e+00,0.000000000000000000e+00,0.000000000000000000e+00,0.000000000000000000e+00,-4.000000000000000222e-01,8.723587654903412411e-03,6.956126075423682900e-03,2.662671935527465960e-03,4.139364631437322979e-04,2.361153470797511819e-04,7.644063897610552374e-06,4.543649140560509609e-07,1.237930682967036082e-07,8.393479754209605815e-05,4.721146864789827217e-05,1.141708272966334879e-04,9.472128017089455787e-05,2.120327496860567829e-05,6.959745309331047976e-06,2.046922481891903632e-06,1.874109414976087029e-07
0.000000000000000000e+00,0.000000000000000000e+00,0.000000000000000000e+00,0.000000000000000000e+00,0.000000000000000000e+00,0.000000000000000000e+00,0.000000000000000000e+00,0.000000000000000000e+00,0.000000000000000000e+00,0.000000000000000000e+00,0.000000000000000000e+00,0.000000000000000000e+00,0.000000000000000000e+00,0.000000000000000000e+00,0.000000000000000000e+00,0.000000000000000000e+00,0.000000000000000000e+00,0.000000000000000000e+00,0.000000000000000000e+00,-9.142857142857142572e-01,1.248438342690907574e-02,4.125310883201346347e-03,7.364688289818846533e-04,3.852937985775684243e-04,3.063856776677508956e-05,3.304149725491324120e-06,1.058963191647662497e-06,2.011013530860544514e-04,1.563759008510016708e-04,5.494054538289166014e-04,3.439344745944749974e-04,1.596507798620124560e-04,3.902569917732477407e-05,1.614956928717398862e-05,1.028338381097294610e-06
0.000000000000000000e+00,0.000000000000000000e+00,0.000000000000000000e+00,0.000000000000000000e+00,0.000000000000000000e+00,0.000000000000000000e+00,0.000000000000000000e+00,0.000000000000000000e+00,0.000000000000000000e+00,0.000000000000000000e+00,0.000000000000000000e+00,0.000000000000000000e+00,0.000000000000000000e+00,0.000000000000000000e+00,0.000000000000000000e+00,0.000000000000000000e+00,0.000000000000000000e+00,0.000000000000000000e+00,0.000000000000000000e+00,0.000000000000000000e+00,-5.714285714285713969e-01,5.691863269765882506e-03,8.803099244507620524e-04,3.547103734722207029e-04,2.296348451938098005e-05,2.585207521866567969e-06,6.681883073427833839e-07,2.781480363459993784e-04,1.716611756605421917e-04,3.878052106639030068e-04,2.834436531485895515e-04,7.415803193442034905e-05,3.703535562415088229e-05,9.762259477227075950e-06,8.705053090724022135e-07
0.000000000000000000e+00,0.000000000000000000e+00,0.000000000000000000e+00,0.000000000000000000e+00,0.000000000000000000e+00,0.000000000000000000e+00,0.000000000000000000e+00,0.000000000000000000e+00,0.000000000000000000e+00,0.000000000000000000e+00,0.000000000000000000e+00,0.000000000000000000e+00,0.000000000000000000e+00,0.000000000000000000e+00,0.000000000000000000e+00,0.000000000000000000e+00,0.000000000000000000e+00,0.000000000000000000e+00,0.000000000000000000e+00,0.000000000000000000e+00,0.000000000000000000e+00,-2.571428571428571175e-01,6.779619888268092077e-04,2.123338643366616389e-04,1.392202624328260860e-05,2.536546815457003788e-06,1.047845158799459621e-06,4.643177345396730165e-04,3.701799582357600486e-04,2.828958505400707411e-04,3.165638008292584959e-04,6.746838457857680057e-05,4.676789715380791026e-05,1.244363225452400684e-05,3.127062584006837568e-06
0.000000000000000000e+00,0.000000000000000000e+00,0.000000000000000000e+00,0.000000000000000000e+00,0.000000000000000000e+00,0.000000000000000000e+00,0.000000000000000000e+00,0.000000000000000000e+00,0.000000000000000000e+00,0.000000000000000000e+00,0.000000000000000000e+00,0.000000000000000000e+00,0.000000000000000000e+00,0.000000000000000000e+00,0.000000000000000000e+00,0.000000000000000000e+00,0.000000000000000000e+00,0.000000000000000000e+00,0.000000000000000000e+00,0.000000000000000000e+00,0.000000000000000000e+00,0.000000000000000000e+00,-3.714285714285714413e-01,6.599626374495100659e-03,1.750823323398934461e-03,4.295154526237340083e-04,3.088224796964048231e-04,3.698649968463086669e-03,1.760878703197553147e-03,4.041435395405084882e-03,2.653267798292225244e-03,1.188077977898657073e-03,6.385131871303111962e-04,2.178131330410405287e-04,4.373483654832246049e-05
0.000000000000000000e+00,0.000000000000000000e+00,0.000000000000000000e+00,0.000000000000000000e+00,0.000000000000000000e+00,0.000000000000000000e+00,0.000000000000000000e+00,0.000000000000000000e+00,0.000000000000000000e+00,0.000000000000000000e+00,0.000000000000000000e+00,0.000000000000000000e+00,0.000000000000000000e+00,0.000000000000000000e+00,0.000000000000000000e+00,0.000000000000000000e+00,0.000000000000000000e+00,0.000000000000000000e+00,0.000000000000000000e+00,0.000000000000000000e+00,0.000000000000000000e+00,0.000000000000000000e+00,0.000000000000000000e+00,-4.285714285714285476e-01,5.058102207602418847e-03,1.478262329376355769e-03,9.667720470216763402e-04,1.869155703832573335e-03,8.958468996041431872e-04,4.131872729743549418e-03,2.255735999740928095e-03,1.435614682302260685e-03,6.115678625027885177e-04,2.844518086744612343e-04,4.325989524725284274e-05
0.000000000000000000e+00,0.000000000000000000e+00,0.000000000000000000e+00,0.000000000000000000e+00,0.000000000000000000e+00,0.000000000000000000e+00,0.000000000000000000e+00,0.000000000000000000e+00,0.000000000000000000e+00,0.000000000000000000e+00,0.000000000000000000e+00,0.000000000000000000e+00,0.000000000000000000e+00,0.000000000000000000e+00,0.000000000000000000e+00,0.000000000000000000e+00,0.000000000000000000e+00,0.000000000000000000e+00,0.000000000000000000e+00,0.000000000000000000e+00,0.000000000000000000e+00,0.000000000000000000e+00,0.000000000000000000e+00,0.000000000000000000e+00,-5.999999999999999778e-01,1.024847717679867182e-02,5.906386021902684975e-03,4.863149763882056447e-04,3.982150897649667761e-04,3.873302029986390449e-03,2.166023867129995405e-03,3.637985401873979237e-03,1.617475771402828062e-03,1.514167708948398324e-03,1.942037864934307635e-04
0.000000000000000000e+00,0.000000000000000000e+00,0.000000000000000000e+00,0.000000000000000000e+00,0.000000000000000000e+00,0.000000000000000000e+00,0.000000000000000000e+00,0.000000000000000000e+00,0.000000000000000000e+00,0.000000000000000000e+00,0.000000000000000000e+00,0.000000000000000000e+00,0.000000000000000000e+00,0.000000000000000000e+00,0.000000000000000000e+00,0.000000000000000000e+00,0.000000000000000000e+00,0.000000000000000000e+00,0.000000000000000000e+00,0.000000000000000000e+00,0.000000000000000000e+00,0.000000000000000000e+00,0.000000000000000000e+00,0.000000000000000000e+00,0.000000000000000000e+00,-8.285714285714286254e-01,9.050406061774768016e-03,1.614674156859202735e-04,2.614201687241507542e-04,3.542861725892040934e-03,1.723777009759542254e-03,6.764728752529839892e-03,2.832948373300031575e-03,4.528998721060533555e-03,6.361283050904309108e-04
0.000000000000000000e+00,0.000000000000000000e+00,0.000000000000000000e+00,0.000000000000000000e+00,0.000000000000000000e+00,0.000000000000000000e+00,0.000000000000000000e+00,0.000000000000000000e+00,0.000000000000000000e+00,0.000000000000000000e+00,0.000000000000000000e+00,0.000000000000000000e+00,0.000000000000000000e+00,0.000000000000000000e+00,0.000000000000000000e+00,0.000000000000000000e+00,0.000000000000000000e+00,0.000000000000000000e+00,0.000000000000000000e+00,0.000000000000000000e+00,0.000000000000000000e+00,0.000000000000000000e+00,0.000000000000000000e+00,0.000000000000000000e+00,0.000000000000000000e+00,0.000000000000000000e+00,-4.571428571428571286e-01,1.491875189738531564e-04,3.273881277970243906e-04,2.009854233898937699e-03,1.777444972418214296e-03,4.467914756812181414e-03,3.139657932650424463e-03,3.455053830197662816e-03,8.772107910018290449e-04
0.000000000000000000e+00,0.000000000000000000e+00,0.000000000000000000e+00,0.000000000000000000e+00,0.000000000000000000e+00,0.000000000000000000e+00,0.000000000000000000e+00,0.000000000000000000e+00,0.000000000000000000e+00,0.000000000000000000e+00,0.000000000000000000e+00,0.000000000000000000e+00,0.000000000000000000e+00,0.000000000000000000e+00,0.000000000000000000e+00,0.000000000000000000e+00,0.000000000000000000e+00,0.000000000000000000e+00,0.000000000000000000e+00,0.000000000000000000e+00,0.000000000000000000e+00,0.000000000000000000e+00,0.000000000000000000e+00,0.000000000000000000e+00,0.000000000000000000e+00,0.000000000000000000e+00,0.000000000000000000e+00,-2.285714285714285643e-01,3.167937958395634999e-03,3.193006727174685453e-03,2.302469204173160280e-03,8.743056710136140565e-04,7.173782443006136624e-04,2.101806279785018241e-04,9.913038793065371342e-05
0.000000000000000000e+00,0.000000000000000000e+00,0.000000000000000000e+00,0.000000000000000000e+00,0.000000000000000000e+00,0.000000000000000000e+00,0.000000000000000000e+00,0.000000000000000000e+00,0.000000000000000000e+00,0.000000000000000000e+00,0.000000000000000000e+00,0.000000000000000000e+00,0.000000000000000000e+00,0.000000000000000000e+00,0.000000000000000000e+00,0.000000000000000000e+00,0.000000000000000000e+00,0.000000000000000000e+00,0.000000000000000000e+00,0.000000000000000000e+00,0.000000000000000000e+00,0.000000000000000000e+00,0.000000000000000000e+00,0.000000000000000000e+00,0.000000000000000000e+00,0.000000000000000000e+00,0.000000000000000000e+00,0.000000000000000000e+00,-2.000000000000000111e-01,3.680754866510620692e-03,3.814347618007331124e-03,2.115539537653821685e-03,2.006615085570109813e-03,8.858985423304361825e-04,5.948433431450274311e-04
0.000000000000000000e+00,0.000000000000000000e+00,0.000000000000000000e+00,0.000000000000000000e+00,0.000000000000000000e+00,0.000000000000000000e+00,0.000000000000000000e+00,0.000000000000000000e+00,0.000000000000000000e+00,0.000000000000000000e+00,0.000000000000000000e+00,0.000000000000000000e+00,0.000000000000000000e+00,0.000000000000000000e+00,0.000000000000000000e+00,0.000000000000000000e+00,0.000000000000000000e+00,0.000000000000000000e+00,0.000000000000000000e+00,0.000000000000000000e+00,0.000000000000000000e+00,0.000000000000000000e+00,0.000000000000000000e+00,0.000000000000000000e+00,0.000000000000000000e+00,0.000000000000000000e+00,0.000000000000000000e+00,0.000000000000000000e+00,0.000000000000000000e+00,-9.714285714285714191e-01,1.002348524518132701e-02,1.620610281942531927e-02,7.036731061527252105e-03,4.178210783240112434e-03,6.850213829886625527e-04
0.000000000000000000e+00,0.000000000000000000e+00,0.000000000000000000e+00,0.000000000000000000e+00,0.000000000000000000e+00,0.000000000000000000e+00,0.000000000000000000e+00,0.000000000000000000e+00,0.000000000000000000e+00,0.000000000000000000e+00,0.000000000000000000e+00,0.000000000000000000e+00,0.000000000000000000e+00,0.000000000000000000e+00,0.000000000000000000e+00,0.000000000000000000e+00,0.000000000000000000e+00,0.000000000000000000e+00,0.000000000000000000e+00,0.000000000000000000e+00,0.000000000000000000e+00,0.000000000000000000e+00,0.000000000000000000e+00,0.000000000000000000e+00,0.000000000000000000e+00,0.000000000000000000e+00,0.000000000000000000e+00,0.000000000000000000e+00,0.000000000000000000e+00,0.000000000000000000e+00,-4.857142857142857095e-01,8.807677279228714670e-03,8.117307603594470233e-03,4.465812685629249983e-03,1.108048387717527720e-03
0.000000000000000000e+00,0.000000000000000000e+00,0.000000000000000000e+00,0.000000000000000000e+00,0.000000000000000000e+00,0.000000000000000000e+00,0.000000000000000000e+00,0.000000000000000000e+00,0.000000000000000000e+00,0.000000000000000000e+00,0.000000000000000000e+00,0.000000000000000000e+00,0.000000000000000000e+00,0.000000000000000000e+00,0.000000000000000000e+00,0.000000000000000000e+00,0.000000000000000000e+00,0.000000000000000000e+00,0.000000000000000000e+00,0.000000000000000000e+00,0.000000000000000000e+00,0.000000000000000000e+00,0.000000000000000000e+00,0.000000000000000000e+00,0.000000000000000000e+00,0.000000000000000000e+00,0.000000000000000000e+00,0.000000000000000000e+00,0.000000000000000000e+00,0.000000000000000000e+00,0.000000000000000000e+00,-9.428571428571428381e-01,1.189862793502305741e-02,1.274864566797766045e-02,2.258863750930612674e-03
0.000000000000000000e+00,0.000000000000000000e+00,0.000000000000000000e+00,0.000000000000000000e+00,0.000000000000000000e+00,0.000000000000000000e+00,0.000000000000000000e+00,0.000000000000000000e+00,0.000000000000000000e+00,0.000000000000000000e+00,0.000000000000000000e+00,0.000000000000000000e+00,0.000000000000000000e+00,0.000000000000000000e+00,0.000000000000000000e+00,0.000000000000000000e+00,0.000000000000000000e+00,0.000000000000000000e+00,0.000000000000000000e+00,0.000000000000000000e+00,0.000000000000000000e+00,0.000000000000000000e+00,0.000000000000000000e+00,0.000000000000000000e+00,0.000000000000000000e+00,0.000000000000000000e+00,0.000000000000000000e+00,0.000000000000000000e+00,0.000000000000000000e+00,0.000000000000000000e+00,0.000000000000000000e+00,0.000000000000000000e+00,-5.428571428571428159e-01,1.094199859967979506e-02,3.173018542512418775e-03
0.000000000000000000e+00,0.000000000000000000e+00,0.000000000000000000e+00,0.000000000000000000e+00,0.000000000000000000e+00,0.000000000000000000e+00,0.000000000000000000e+00,0.000000000000000000e+00,0.000000000000000000e+00,0.000000000000000000e+00,0.000000000000000000e+00,0.000000000000000000e+00,0.000000000000000000e+00,0.000000000000000000e+00,0.000000000000000000e+00,0.000000000000000000e+00,0.000000000000000000e+00,0.000000000000000000e+00,0.000000000000000000e+00,0.000000000000000000e+00,0.000000000000000000e+00,0.000000000000000000e+00,0.000000000000000000e+00,0.000000000000000000e+00,0.000000000000000000e+00,0.000000000000000000e+00,0.000000000000000000e+00,0.000000000000000000e+00,0.000000000000000000e+00,0.000000000000000000e+00,0.000000000000000000e+00,0.000000000000000000e+00,0.000000000000000000e+00,-6.857142857142857206e-01,3.800289695425951731e-03
0.000000000000000000e+00,0.000000000000000000e+00,0.000000000000000000e+00,0.000000000000000000e+00,0.000000000000000000e+00,0.000000000000000000e+00,0.000000000000000000e+00,0.000000000000000000e+00,0.000000000000000000e+00,0.000000000000000000e+00,0.000000000000000000e+00,0.000000000000000000e+00,0.000000000000000000e+00,0.000000000000000000e+00,0.000000000000000000e+00,0.000000000000000000e+00,0.000000000000000000e+00,0.000000000000000000e+00,0.000000000000000000e+00,0.000000000000000000e+00,0.000000000000000000e+00,0.000000000000000000e+00,0.000000000000000000e+00,0.000000000000000000e+00,0.000000000000000000e+00,0.000000000000000000e+00,0.000000000000000000e+00,0.000000000000000000e+00,0.000000000000000000e+00,0.000000000000000000e+00,0.000000000000000000e+00,0.000000000000000000e+00,0.000000000000000000e+00,0.000000000000000000e+00,-1.714285714285714302e-01
