matrix_index,residue_id,chain_id,residue_number,residue_name
0,A:897,A,897,GLY
1,A:898,A,898,HIS
2,A:899,A,899,MET
3,A:900,A,900,ASN
4,A:901,A,901,VAL
5,A:902,A,902,LYS
6,A:903,A,903,ARG
7,A:904,A,904,ARG
8,A:905,A,905,THR
9,A:906,A,906,HIS
10,A:907,A,907,ASN
11,A:908,A,908,VAL
12,A:909,A,909,LEU
13,A:910,A,910,GLU
14,A:911,A,911,ARG
15,A:912,A,912,GLN
16,A:913,A,913,ARG
17,A:914,A,914,ARG
18,A:915,A,915,ASN
19,A:916,A,916,GLU
20,A:917,A,917,LEU
21,A:918,A,918,LYS
22,A:919,A,919,ARG
23,A:920,A,920,SER
24,A:921,A,921,PHE
25,A:922,A,922,PHE
26,A:923,A,923,ALA
27,A:924,A,924,LEU
28,A:925,A,925,ARG
29,A:926,A,926,ASP
30,A:927,A,927,GLN
31,A:928,A,928,ILE
32,A:929,A,929,PRO
33,A:930,A,930,GLU
34,A:931,A,931,LEU
35,A:932,A,932,GLU
36,A:933,A,933,ASN
37,A:934,A,934,ASN
38,A:935,A,935,GLU
39,A:936,A,936,LYS
40,A:937,A,937,ALA
41,A:938,A,938,PRO
42,A:939,A,939,LYS
43,A:940,A,940,VAL
44,A:941,A,941,VAL
45,A:942,A,942,ILE
46,A:943,A,943,LEU
47,A:944,A,944,LYS
48,A:945,A,945,LYS
49,A:946,A,946,ALA
50,A:947,A,947,THR
51,A:948,A,948,ALA
52,A:949,A,949,TYR
53,A:950,A,950,ILE
54,A:951,A,951,LEU
55,A:952,A,952,SER
56,A:953,A,953,VAL
57,A:954,A,954,GLN
58,A:955,A,955,ALA
59,A:956,A,956,GLU
60,A:957,A,957,GLU
61,A:958,A,958,GLN
62,A:959,A,959,LYS
63,A:960,A,960,LEU
64,A:961,A,961,ILE
65,A:962,A,962,SER
66,A:963,A,963,GLU
67,A:964,A,964,GLU
68,A:965,A,965,ASP
69,A:966,A,966,LEU
70,A:967,A,967,LEU
71,A:968,A,968,ARG
72,A:969,A,969,LYS
73,A:970,A,970,ARG
74,A:971,A,971,ARG
75,A:972,A,972,GLU
76,A:973,A,973,GLN
77,A:974,A,974,LEU
78,A:975,A,975,LYS
79,A:976,A,976,HIS
80,A:977,A,977,LYS
81,A:978,A,978,LEU
82,A:979,A,979,GLU
83,A:980,A,980,GLN
84,A:981,A,981,LEU
85,A:982,A,982,GLY
86,A:983,A,983,GLY
87,A:984,A,984,CYS
88,B:202,B,202,ASP
89,B:203,B,203,LYS
90,B:204,B,204,ARG
91,B:205,B,205,ALA
92,B:206,B,206,HIS
93,B:207,B,207,HIS
94,B:208,B,208,ASN
95,B:209,B,209,ALA
96,B:210,B,210,LEU
97,B:211,B,211,GLU
98,B:212,B,212,ARG
99,B:213,B,213,LYS
100,B:214,B,214,ARG
101,B:215,B,215,ARG
102,B:216,B,216,ASP
103,B:217,B,217,HIS
104,B:218,B,218,ILE
105,B:219,B,219,LYS
106,B:220,B,220,ASP
107,B:221,B,221,SER
108,B:222,B,222,PHE
109,B:223,B,223,HIS
110,B:224,B,224,SER
111,B:225,B,225,LEU
112,B:226,B,226,ARG
113,B:227,B,227,ASP
114,B:228,B,228,SER
115,B:229,B,229,VAL
116,B:230,B,230,PRO
117,B:231,B,231,SER
118,B:232,B,232,LEU
119,B:233,B,233,GLN
120,B:234,B,234,GLY
121,B:235,B,235,GLU
122,B:236,B,236,LYS
123,B:237,B,237,ALA
124,B:238,B,238,SER
125,B:239,B,239,ARG
126,B:240,B,240,ALA
127,B:241,B,241,GLN
128,B:242,B,242,ILE
129,B:243,B,243,LEU
130,B:244,B,244,ASP
131,B:245,B,245,LYS
132,B:246,B,246,ALA
133,B:247,B,247,THR
134,B:248,B,248,GLU
135,B:249,B,249,TYR
136,B:250,B,250,ILE
137,B:251,B,251,GLN
138,B:252,B,252,TYR
139,B:253,B,253,MET
140,B:254,B,254,ARG
141,B:255,B,255,ARG
142,B:256,B,256,LYS
143,B:257,B,257,ASN
144,B:258,B,258,HIS
145,B:259,B,259,THR
146,B:260,B,260,HIS
147,B:261,B,261,GLN
148,B:262,B,262,GLN
149,B:263,B,263,ASP
150,B:264,B,264,ILE
151,B:265,B,265,ASP
152,B:266,B,266,ASP
153,B:267,B,267,LEU
154,B:268,B,268,LYS
155,B:269,B,269,ARG
156,B:270,B,270,GLN
157,B:271,B,271,ASN
158,B:272,B,272,ALA
159,B:273,B,273,LEU
160,B:274,B,274,LEU
161,B:275,B,275,GLU
162,B:276,B,276,GLN
163,B:277,B,277,GLN
164,B:278,B,278,VAL
165,B:279,B,279,ARG
166,B:280,B,280,ALA
167,B:281,B,281,LEU
168,B:282,B,282,GLY
169,B:283,B,283,GLY
170,B:284,B,284,CYS
