matrix_index,chain_id,residue_number,insertion_code,residue_name,quantum_score,eligible
0,A,2,,GLU,-1.0,0
1,A,3,,MET,-1.0,0
2,A,4,,GLU,-1.0,0
3,A,5,,LYS,-1.0,0
4,A,6,,GLU,-1.0,0
5,A,7,,PHE,-1.0,0
6,A,8,,GLU,-1.0,0
7,A,9,,GLN,-1.0,0
8,A,10,,ILE,-1.0,0
9,A,11,,ASP,-1.0,0
10,A,12,,LYS,-1.0,0
11,A,13,,SER,-1.0,0
12,A,14,,GLY,-1.0,0
13,A,15,,SER,-1.0,0
14,A,16,,TRP,-1.0,0
15,A,17,,ALA,-1.0,0
16,A,18,,ALA,-1.0,0
17,A,19,,ILE,-1.0,0
18,A,20,,TYR,-1.0,0
19,A,21,,GLN,-1.0,0
20,A,22,,ASP,-1.0,0
21,A,23,,ILE,-1.0,0
22,A,24,,ARG,-1.0,0
23,A,25,,HIS,-1.0,0
24,A,26,,GLU,-1.0,0
25,A,27,,ALA,-1.0,0
26,A,28,,SER,-1.0,0
27,A,29,,ASP,-1.0,0
28,A,30,,PHE,-1.0,0
29,A,31,,PRO,-1.0,0
30,A,32,,CYS,-1.0,0
31,A,33,,ARG,-1.0,0
32,A,34,,VAL,-1.0,0
33,A,35,,ALA,-1.0,0
34,A,36,,LYS,-1.0,0
35,A,37,,LEU,-1.0,0
36,A,38,,PRO,-1.0,0
37,A,39,,LYS,-1.0,0
38,A,40,,ASN,-1.0,0
39,A,41,,LYS,-1.0,0
40,A,42,,ASN,-1.0,0
41,A,43,,ARG,-1.0,0
42,A,44,,ASN,-1.0,0
43,A,45,,ARG,-1.0,0
44,A,46,,TYR,-1.0,0
45,A,47,,ARG,-1.0,0
46,A,48,,ASP,-1.0,0
47,A,49,,VAL,-1.0,0
48,A,50,,SER,-1.0,0
49,A,51,,PRO,-1.0,0
50,A,52,,PHE,-1.0,0
51,A,53,,ASP,-1.0,0
52,A,54,,HIS,-1.0,0
53,A,55,,SER,-1.0,0
54,A,56,,ARG,-1.0,0
55,A,57,,ILE,-1.0,0
56,A,58,,LYS,-1.0,0
57,A,59,,LEU,-1.0,0
58,A,60,,HIS,-1.0,0
59,A,61,,GLN,-1.0,0
60,A,62,,GLU,-1.0,0
61,A,63,,ASP,-1.0,0
62,A,64,,ASN,-1.0,0
63,A,65,,ASP,-1.0,0
64,A,66,,TYR,-1.0,0
65,A,67,,ILE,-1.0,0
66,A,68,,ASN,-1.0,0
67,A,69,,ALA,-1.0,0
68,A,70,,SER,-1.0,0
69,A,71,,LEU,-1.0,0
70,A,72,,ILE,-1.0,0
71,A,73,,LYS,-1.0,0
72,A,74,,MET,-1.0,0
73,A,75,,GLU,-1.0,0
74,A,76,,GLU,-1.0,0
75,A,77,,ALA,-1.0,0
76,A,78,,GLN,-1.0,0
77,A,79,,ARG,2.0,1
78,A,80,,SER,-1.0,0
79,A,81,,TYR,-1.0,0
80,A,82,,ILE,-1.0,0
81,A,83,,LEU,-1.0,0
82,A,84,,THR,-1.0,0
83,A,85,,GLN,-1.0,0
84,A,86,,GLY,-1.0,0
85,A,87,,PRO,-1.0,0
86,A,88,,LEU,-1.0,0
87,A,89,,PRO,-1.0,0
88,A,90,,ASN,-1.0,0
89,A,91,,THR,-1.0,0
90,A,92,,CYS,-1.0,0
91,A,93,,GLY,-1.0,0
92,A,94,,HIS,-1.0,0
93,A,95,,PHE,-1.0,0
94,A,96,,TRP,-1.0,0
95,A,97,,GLU,-1.0,0
96,A,98,,MET,-1.0,0
97,A,99,,VAL,-1.0,0
98,A,100,,TRP,-1.0,0
99,A,101,,GLU,-1.0,0
100,A,102,,GLN,-1.0,0
101,A,103,,LYS,-1.0,0
102,A,104,,SER,-1.0,0
103,A,105,,ARG,-1.0,0
104,A,106,,GLY,-1.0,0
105,A,107,,VAL,-1.0,0
106,A,108,,VAL,-1.0,0
107,A,109,,MET,-1.0,0
108,A,110,,LEU,-1.0,0
109,A,111,,ASN,-1.0,0
110,A,112,,ARG,-1.0,0
111,A,113,,VAL,-1.0,0
112,A,114,,MET,-1.0,0
113,A,115,,GLU,-1.0,0
114,A,116,,LYS,-1.0,0
115,A,117,,GLY,-1.0,0
116,A,118,,SER,-1.0,0
117,A,119,,LEU,-1.0,0
118,A,120,,LYS,-1.0,0
119,A,121,,CYS,-1.0,0
120,A,122,,ALA,-1.0,0
121,A,123,,GLN,-1.0,0
122,A,124,,TYR,-1.0,0
123,A,125,,TRP,-1.0,0
124,A,126,,PRO,-1.0,0
125,A,127,,GLN,-1.0,0
126,A,128,,LYS,-1.0,0
127,A,129,,GLU,-1.0,0
128,A,130,,GLU,-1.0,0
129,A,131,,LYS,-1.0,0
130,A,132,,GLU,-1.0,0
131,A,133,,MET,-1.0,0
132,A,134,,ILE,-1.0,0
133,A,135,,PHE,-1.0,0
134,A,136,,GLU,-1.0,0
135,A,137,,ASP,-1.0,0
136,A,138,,THR,-1.0,0
137,A,139,,ASN,-1.0,0
138,A,140,,LEU,-1.0,0
139,A,141,,LYS,-1.0,0
140,A,142,,LEU,-1.0,0
141,A,143,,THR,-1.0,0
142,A,144,,LEU,-1.0,0
143,A,145,,ILE,-1.0,0
144,A,146,,SER,-1.0,0
145,A,147,,GLU,-1.0,0
146,A,148,,ASP,-1.0,0
147,A,149,,ILE,-1.0,0
148,A,150,,LYS,-1.0,0
149,A,151,,SER,-1.0,0
150,A,152,,TYR,-1.0,0
151,A,153,,TYR,-1.0,0
152,A,154,,THR,-1.0,0
153,A,155,,VAL,-1.0,0
154,A,156,,ARG,-1.0,0
155,A,157,,GLN,-1.0,0
156,A,158,,LEU,-1.0,0
157,A,159,,GLU,-1.0,0
158,A,160,,LEU,-1.0,0
159,A,161,,GLU,-1.0,0
160,A,162,,ASN,-1.0,0
161,A,163,,LEU,-1.0,0
162,A,164,,THR,-1.0,0
163,A,165,,THR,-1.0,0
164,A,166,,GLN,-1.0,0
165,A,167,,GLU,-1.0,0
166,A,168,,THR,-1.0,0
167,A,169,,ARG,-1.0,0
168,A,170,,GLU,-1.0,0
169,A,171,,ILE,-1.0,0
170,A,172,,LEU,-1.0,0
171,A,173,,HIS,-1.0,0
172,A,174,,PHE,-1.0,0
173,A,175,,HIS,-1.0,0
174,A,176,,TYR,-1.0,0
175,A,177,,THR,-1.0,0
176,A,178,,THR,-1.0,0
177,A,179,,TRP,-1.0,0
178,A,180,,PRO,-1.0,0
179,A,181,,ASP,-1.0,0
180,A,182,,PHE,-1.0,0
181,A,183,,GLY,-1.0,0
182,A,184,,VAL,-1.0,0
183,A,185,,PRO,-1.0,0
184,A,186,,GLU,-1.0,0
185,A,187,,SER,-1.0,0
186,A,188,,PRO,-1.0,0
187,A,189,,ALA,-1.0,0
188,A,190,,SER,-1.0,0
189,A,191,,PHE,-1.0,0
190,A,192,,LEU,0.7853300443935308,1
191,A,193,,ASN,0.0,1
192,A,194,,PHE,-1.0,0
193,A,195,,LEU,-1.0,0
194,A,196,,PHE,0.9447197789364787,1
195,A,197,,LYS,0.11141534556907351,1
196,A,198,,VAL,-1.0,0
197,A,199,,ARG,2.0,1
198,A,200,,GLU,2.0,1
199,A,201,,SER,-1.0,0
200,A,202,,GLY,0.05535780409786055,1
201,A,203,,SER,-1.0,0
202,A,204,,LEU,0.8817295787937147,1
203,A,205,,SER,0.44618323455600084,1
204,A,206,,PRO,-1.0,0
205,A,207,,GLU,-1.0,0
206,A,208,,HIS,-1.0,0
207,A,209,,GLY,-1.0,0
208,A,210,,PRO,-1.0,0
209,A,211,,VAL,-1.0,0
210,A,212,,VAL,-1.0,0
211,A,213,,VAL,-1.0,0
212,A,214,,HIS,-1.0,0
213,A,216,,SER,-1.0,0
214,A,217,,ALA,-1.0,0
215,A,218,,GLY,-1.0,0
216,A,219,,ILE,-1.0,0
217,A,220,,GLY,-1.0,0
218,A,221,,ARG,-1.0,0
219,A,222,,SER,-1.0,0
220,A,223,,GLY,-1.0,0
221,A,224,,THR,-1.0,0
222,A,225,,PHE,-1.0,0
223,A,226,,CYS,-1.0,0
224,A,227,,LEU,-1.0,0
225,A,228,,ALA,-1.0,0
226,A,229,,ASP,-1.0,0
227,A,230,,THR,-1.0,0
228,A,231,,CYS,-1.0,0
229,A,232,,LEU,0.3308991413380488,1
230,A,233,,LEU,0.6036317478646154,1
231,A,234,,LEU,-1.0,0
232,A,235,,MET,-1.0,0
233,A,236,,ASP,2.0,1
234,A,237,,LYS,0.38713890101347603,1
235,A,238,,ARG,-1.0,0
236,A,239,,LYS,0.4994567211202271,1
237,A,240,,ASP,-1.0,0
238,A,241,,PRO,-1.0,0
239,A,242,,SER,-1.0,0
240,A,243,,SER,-1.0,0
241,A,244,,VAL,-1.0,0
242,A,245,,ASP,-1.0,0
243,A,246,,ILE,-1.0,0
244,A,247,,LYS,-1.0,0
245,A,248,,LYS,-1.0,0
246,A,249,,VAL,-1.0,0
247,A,250,,LEU,-1.0,0
248,A,251,,LEU,-1.0,0
249,A,252,,ASP,-1.0,0
250,A,253,,MET,-1.0,0
251,A,254,,ARG,-1.0,0
252,A,255,,LYS,-1.0,0
253,A,256,,PHE,-1.0,0
254,A,257,,ARG,-1.0,0
255,A,258,,MET,-1.0,0
256,A,259,,GLY,-1.0,0
257,A,260,,LEU,-1.0,0
258,A,261,,ILE,-1.0,0
259,A,262,,ALA,-1.0,0
260,A,263,,THR,-1.0,0
261,A,264,,ALA,-1.0,0
262,A,265,,GLU,-1.0,0
263,A,266,,GLN,-1.0,0
264,A,267,,LEU,-1.0,0
265,A,268,,ARG,-1.0,0
266,A,269,,PHE,-1.0,0
267,A,270,,SER,-1.0,0
268,A,271,,TYR,-1.0,0
269,A,272,,LEU,-1.0,0
270,A,273,,ALA,-1.0,0
271,A,274,,VAL,-1.0,0
272,A,275,,ILE,-1.0,0
273,A,276,,GLU,0.2797371602902921,1
274,A,277,,GLY,0.165742782521394,1
275,A,278,,ALA,-1.0,0
276,A,279,,LYS,-1.0,0
277,A,280,,PHE,2.0,1
278,A,281,,ILE,0.5457545709319266,1
279,A,282,,MET,0.21928041598970374,1
280,A,283,,GLY,0.7215809528932015,1
281,A,284,,ASP,0.8332023090272985,1
282,A,285,,SER,0.6673336113778495,1
