-1.818181818181818232e-01,4.031640527250203096e-03,2.818747529072854890e-03,3.077127947356590883e-04,1.546958379921699973e-03,2.914895582052684508e-03,1.905005462332602303e-03,1.295404115812166497e-03,1.045028358319960654e-03,5.325947260349556296e-04,3.216031639084115869e-04,9.933119031995314458e-05,5.110971840557274352e-05,1.701108727492982688e-04,6.733492860521854721e-05,4.890033359003289210e-05,1.012223768180872931e-05,9.516910144471700628e-06,9.375794222860975454e-05,3.925515091263814918e-05,5.288397016874567518e-05,4.350139444706008324e-06
0.000000000000000000e+00,-3.636363636363636465e-01,6.991988485588048266e-03,5.696668029156056693e-04,4.108508208843009157e-03,3.312074461076238742e-03,3.107814518270552318e-03,1.830742103836735220e-03,1.872185578960483673e-03,9.094571266274511633e-04,5.023273987751972203e-04,1.415089326754887487e-04,3.854073264868279749e-05,2.714078510219224052e-04,1.975175617555881454e-04,3.196180243852404920e-04,5.050392928938562368e-05,5.726711183332250542e-06,9.437055159462359353e-05,5.961855302750760179e-05,1.289112521244213021e-04,2.664653254246773440e-06
0.000000000000000000e+00,0.000000000000000000e+00,-7.727272727272727071e-01,1.095250337754709487e-03,7.023928560291631262e-03,4.346553326322763477e-03,7.611693302554622086e-03,5.054235695002817254e-03,5.069176446243752777e-03,1.466007694428451882e-03,1.091606990682061516e-03,6.249984874106453547e-04,1.782995533744014861e-04,1.570718256535991262e-03,8.923021964058578141e-04,1.328016490277216834e-03,1.600349067129931051e-04,7.322892258989534687e-06,1.468456923469566694e-04,1.032589669390756763e-04,8.175394629634538625e-04,2.227453509257556880e-05
0.000000000000000000e+00,0.000000000000000000e+00,0.000000000000000000e+00,-9.090909090909091161e-02,1.311179496062635837e-03,7.683072246983071356e-04,3.620250607442735205e-04,2.034428289039429019e-04,5.251586184909948039e-05,3.154664467999075965e-05,7.283790895803781903e-05,5.751748542091986882e-05,9.919465969052212475e-05,1.320536841041564655e-04,2.503925920826037543e-04,5.826773295403051781e-04,4.587323947734777405e-04,8.460501313966089921e-06,6.049482150713352620e-05,2.927862987480511845e-05,2.107677844285414334e-04,1.488028681841901778e-05
0.000000000000000000e+00,0.000000000000000000e+00,0.000000000000000000e+00,0.000000000000000000e+00,-4.090909090909091161e-01,4.434816553432810275e-03,6.239714450221469852e-03,3.658924187490659747e-03,2.787570393924919659e-03,1.459038734807184459e-03,9.608794741284613049e-04,1.326474261707427443e-03,3.202887494763932805e-04,1.373322870647802289e-03,2.520139235311667520e-03,1.243735123909934766e-03,8.860136292823980568e-04,4.085973691053424459e-05,6.863110072979399174e-04,6.408175279382981272e-04,1.826686025431477345e-03,1.944771284008457572e-04
0.000000000000000000e+00,0.000000000000000000e+00,0.000000000000000000e+00,0.000000000000000000e+00,0.000000000000000000e+00,-2.272727272727272652e-01,4.674223239094383968e-03,3.352471976926502031e-03,2.454005746058991484e-03,1.221399286079199575e-03,9.034019290420922457e-04,8.072765343309448336e-04,3.126386034059741776e-04,1.031668081498483434e-03,1.334416968527138208e-03,4.738493932997838365e-04,3.639914538546538698e-04,4.227527361022681226e-05,5.645167779286112183e-04,2.691901486328736304e-04,4.364255457450367235e-04,3.951874686879554532e-05
0.000000000000000000e+00,0.000000000000000000e+00,0.000000000000000000e+00,0.000000000000000000e+00,0.000000000000000000e+00,0.000000000000000000e+00,-9.545454545454545858e-01,1.912199606741494737e-02,1.188264651327076635e-02,4.374036199468341567e-03,3.271867625332971086e-03,4.792561915050477968e-03,6.655250470929254068e-04,4.098180568055015231e-03,9.015763264089517171e-03,2.465186289901498493e-03,1.034332080374731179e-03,6.588522204161901554e-05,9.985605731118137648e-04,1.563312918345146317e-03,4.833696480684662386e-03,9.695422265634446495e-04
0.000000000000000000e+00,0.000000000000000000e+00,0.000000000000000000e+00,0.000000000000000000e+00,0.000000000000000000e+00,0.000000000000000000e+00,0.000000000000000000e+00,-8.636363636363636465e-01,1.573586921083993534e-02,7.394998307299009005e-03,7.365475772460420949e-03,8.791967995919879042e-03,1.080581190852929760e-03,6.951506514171558286e-03,1.136470938367275738e-02,2.801386714259923236e-03,1.265534213078200066e-03,2.329376546666589871e-05,3.661959108840622825e-04,6.411477202205804462e-04,1.743601931505516607e-03,6.826213644487063572e-04
0.000000000000000000e+00,0.000000000000000000e+00,0.000000000000000000e+00,0.000000000000000000e+00,0.000000000000000000e+00,0.000000000000000000e+00,0.000000000000000000e+00,0.000000000000000000e+00,-7.272727272727272929e-01,9.922329459531338894e-03,9.729444105528076148e-03,1.005108470568227656e-02,1.863890456189500012e-03,1.079995133993973989e-02,1.047460972026078956e-02,4.482679526255486067e-03,1.370575143639799886e-03,7.978189442443757955e-07,4.783470815687868060e-05,5.881053177389968916e-05,5.154692070503933852e-04,4.523668773993895780e-04
0.000000000000000000e+00,0.000000000000000000e+00,0.000000000000000000e+00,0.000000000000000000e+00,0.000000000000000000e+00,0.000000000000000000e+00,0.000000000000000000e+00,0.000000000000000000e+00,0.000000000000000000e+00,-4.545454545454545303e-01,9.837911214721278483e-03,7.038722035905122486e-03,1.821568595603057948e-03,5.849081916150548552e-03,5.238220581705070426e-03,1.849101657871871258e-03,7.746513205851533745e-04,1.916914768955107590e-07,8.514159270913359439e-06,8.808512748619147905e-05,6.013822784499434239e-05,2.229713834998065132e-04
0.000000000000000000e+00,0.000000000000000000e+00,0.000000000000000000e+00,0.000000000000000000e+00,0.000000000000000000e+00,0.000000000000000000e+00,0.000000000000000000e+00,0.000000000000000000e+00,0.000000000000000000e+00,0.000000000000000000e+00,-5.000000000000000000e-01,1.018114225226290220e-02,2.611544651628318076e-03,7.979186734255464680e-03,6.159785856260517438e-03,2.728240970480079377e-03,1.194073541935951766e-03,4.691843597029132093e-07,8.626279180488808492e-07,1.382564286528228849e-04,1.666627624962564128e-04,4.069492334194537244e-04
0.000000000000000000e+00,0.000000000000000000e+00,0.000000000000000000e+00,0.000000000000000000e+00,0.000000000000000000e+00,0.000000000000000000e+00,0.000000000000000000e+00,0.000000000000000000e+00,0.000000000000000000e+00,0.000000000000000000e+00,0.000000000000000000e+00,-5.909090909090909394e-01,2.815592833830987771e-03,9.621779918085745023e-03,9.190105011442894004e-03,4.601617880542142359e-03,1.954395180441512690e-03,1.993376261971862749e-06,4.372879302205974459e-06,1.469793368299757933e-04,1.793889713139708211e-04,1.523645035812496319e-03
0.000000000000000000e+00,0.000000000000000000e+00,0.000000000000000000e+00,0.000000000000000000e+00,0.000000000000000000e+00,0.000000000000000000e+00,0.000000000000000000e+00,0.000000000000000000e+00,0.000000000000000000e+00,0.000000000000000000e+00,0.000000000000000000e+00,0.000000000000000000e+00,-1.363636363636363535e-01,2.630643886254835362e-03,2.152497323990597549e-03,1.656275523202638787e-03,1.103585185726119406e-03,1.269429058582991631e-06,1.405047341782296706e-05,6.732655588453940727e-05,9.176845095686884512e-05,3.025698956559066824e-04
0.000000000000000000e+00,0.000000000000000000e+00,0.000000000000000000e+00,0.000000000000000000e+00,0.000000000000000000e+00,0.000000000000000000e+00,0.000000000000000000e+00,0.000000000000000000e+00,0.000000000000000000e+00,0.000000000000000000e+00,0.000000000000000000e+00,0.000000000000000000e+00,0.000000000000000000e+00,-6.818181818181817677e-01,1.206310396665327515e-02,1.072544438991960766e-02,3.470456899772879703e-03,1.905019420664821028e-06,3.567568499916536789e-05,3.008553025903253466e-04,3.561362683675185358e-04,1.327792408278629602e-03
0.000000000000000000e+00,0.000000000000000000e+00,0.000000000000000000e+00,0.000000000000000000e+00,0.000000000000000000e+00,0.000000000000000000e+00,0.000000000000000000e+00,0.000000000000000000e+00,0.000000000000000000e+00,0.000000000000000000e+00,0.000000000000000000e+00,0.000000000000000000e+00,0.000000000000000000e+00,0.000000000000000000e+00,-1.000000000000000000e+00,1.076132209671285499e-02,5.563620160009849144e-03,2.466433007180827763e-06,1.296819548390132735e-05,4.317041334886371215e-04,2.571671283575332687e-03,4.182563006627216390e-03
0.000000000000000000e+00,0.000000000000000000e+00,0.000000000000000000e+00,0.000000000000000000e+00,0.000000000000000000e+00,0.000000000000000000e+00,0.000000000000000000e+00,0.000000000000000000e+00,0.000000000000000000e+00,0.000000000000000000e+00,0.000000000000000000e+00,0.000000000000000000e+00,0.000000000000000000e+00,0.000000000000000000e+00,0.000000000000000000e+00,-6.363636363636363535e-01,6.002212083268246290e-03,8.211563157384350883e-06,1.253972047955448810e-04,7.880894362049656581e-04,1.143611881712251494e-03,2.750696027206441917e-03
0.000000000000000000e+00,0.000000000000000000e+00,0.000000000000000000e+00,0.000000000000000000e+00,0.000000000000000000e+00,0.000000000000000000e+00,0.000000000000000000e+00,0.000000000000000000e+00,0.000000000000000000e+00,0.000000000000000000e+00,0.000000000000000000e+00,0.000000000000000000e+00,0.000000000000000000e+00,0.000000000000000000e+00,0.000000000000000000e+00,0.000000000000000000e+00,-3.181818181818181768e-01,1.891866863309040367e-05,2.983885730247807459e-04,1.088524098290291056e-03,1.842843341242483097e-03,2.908494523278745605e-03
0.000000000000000000e+00,0.000000000000000000e+00,0.000000000000000000e+00,0.000000000000000000e+00,0.000000000000000000e+00,0.000000000000000000e+00,0.000000000000000000e+00,0.000000000000000000e+00,0.000000000000000000e+00,0.000000000000000000e+00,0.000000000000000000e+00,0.000000000000000000e+00,0.000000000000000000e+00,0.000000000000000000e+00,0.000000000000000000e+00,0.000000000000000000e+00,0.000000000000000000e+00,-4.545454545454545581e-02,9.484168329739505517e-04,6.254725908199995502e-04,4.176935970493050290e-04,1.779755082607911232e-04
0.000000000000000000e+00,0.000000000000000000e+00,0.000000000000000000e+00,0.000000000000000000e+00,0.000000000000000000e+00,0.000000000000000000e+00,0.000000000000000000e+00,0.000000000000000000e+00,0.000000000000000000e+00,0.000000000000000000e+00,0.000000000000000000e+00,0.000000000000000000e+00,0.000000000000000000e+00,0.000000000000000000e+00,0.000000000000000000e+00,0.000000000000000000e+00,0.000000000000000000e+00,0.000000000000000000e+00,-2.727272727272727071e-01,4.287167751628528228e-03,4.030570927373421791e-03,1.751963738773828182e-03
0.000000000000000000e+00,0.000000000000000000e+00,0.000000000000000000e+00,0.000000000000000000e+00,0.000000000000000000e+00,0.000000000000000000e+00,0.000000000000000000e+00,0.000000000000000000e+00,0.000000000000000000e+00,0.000000000000000000e+00,0.000000000000000000e+00,0.000000000000000000e+00,0.000000000000000000e+00,0.000000000000000000e+00,0.000000000000000000e+00,0.000000000000000000e+00,0.000000000000000000e+00,0.000000000000000000e+00,0.000000000000000000e+00,-5.454545454545454142e-01,9.433590429963535640e-03,9.327896159284195660e-03
0.000000000000000000e+00,0.000000000000000000e+00,0.000000000000000000e+00,0.000000000000000000e+00,0.000000000000000000e+00,0.000000000000000000e+00,0.000000000000000000e+00,0.000000000000000000e+00,0.000000000000000000e+00,0.000000000000000000e+00,0.000000000000000000e+00,0.000000000000000000e+00,0.000000000000000000e+00,0.000000000000000000e+00,0.000000000000000000e+00,0.000000000000000000e+00,0.000000000000000000e+00,0.000000000000000000e+00,0.000000000000000000e+00,0.000000000000000000e+00,-9.090909090909090606e-01,1.244083429339374637e-02
0.000000000000000000e+00,0.000000000000000000e+00,0.000000000000000000e+00,0.000000000000000000e+00,0.000000000000000000e+00,0.000000000000000000e+00,0.000000000000000000e+00,0.000000000000000000e+00,0.000000000000000000e+00,0.000000000000000000e+00,0.000000000000000000e+00,0.000000000000000000e+00,0.000000000000000000e+00,0.000000000000000000e+00,0.000000000000000000e+00,0.000000000000000000e+00,0.000000000000000000e+00,0.000000000000000000e+00,0.000000000000000000e+00,0.000000000000000000e+00,0.000000000000000000e+00,-8.181818181818182323e-01
