-3.174603174603174427e-02,7.031618376860784879e-04,3.338508531636167503e-04,3.670172474607570992e-04,1.931980321923988957e-04,9.064743707724215763e-05,8.047786526374466878e-05,4.926034892555407167e-05,5.181749592231250863e-05,2.361906496247819870e-05,8.021783327473454341e-06,3.667829655753663084e-07,8.351070742922382173e-07,2.429022375440657258e-07,1.833912629135982573e-08,1.543731437856279203e-07,9.791294567110717900e-08,7.645029045045063189e-08,9.076981002354842632e-07,1.220310157640858148e-05,1.376512899833554711e-05,5.662789300993084742e-09,2.796154511643158324e-06,9.009165250356724551e-06,4.372022773649653250e-06,6.146148081785124727e-06,7.350202230358978694e-06,1.564348308203450098e-05,3.578645034037155966e-06,1.067174394338270440e-06,1.927897836976195397e-07,2.299196514496853858e-07,1.178281796323446139e-06,4.121347499311335717e-06,1.041367072401895832e-05,3.972272893792831196e-05,2.573298045967741915e-05,1.339447214320731963e-04,2.868924922848880557e-04,3.203795428631077413e-04,2.004402686278837433e-04,5.091749877729679534e-04,2.775597171384000723e-04,1.829178745008860907e-04,1.420452571033151861e-04,3.851129657656702029e-05,2.263659445503094395e-05,3.252893532359184382e-06,1.159843368213963861e-07,9.617838559645471037e-08,4.543792210619746155e-10,7.637409263853466593e-10,2.616786253451037284e-08,1.347990396032759869e-08,1.278381988979834281e-08,5.310006695019391605e-10,2.039209081462858231e-09,1.801943660000134297e-07,4.824318423039565902e-06,4.898735629859621472e-05,1.499833120898544211e-05,6.994948381736356018e-06,2.383849275617177415e-05
0.000000000000000000e+00,-2.698412698412698263e-01,1.674122334519459986e-03,1.664419778305659386e-03,9.444347610407875359e-04,3.448588654238374349e-04,3.709608488430428787e-04,2.006550523188124725e-04,2.915768469434062374e-04,1.314651605484922685e-04,3.730686730665983865e-05,4.286336967582878836e-07,1.281547765383127272e-06,7.380186409316598273e-07,1.358721177528924563e-08,3.945654092800833432e-07,3.016091683991636527e-07,1.168874210559448171e-07,2.201733367710563704e-06,3.985744644622652615e-05,4.833525206841992645e-05,8.285384284009929889e-09,6.156713436802100280e-06,3.055888173463460026e-05,1.716575845970295033e-05,1.407178088165889856e-05,1.910212126805638539e-05,3.686337115790126382e-05,6.037141707183466455e-06,1.804919080705564088e-06,2.518308671922531534e-07,4.442023002951722406e-07,1.502888443724884387e-06,1.283293434692139170e-05,5.250846968268690093e-05,1.862955278160254014e-04,4.915936908736263006e-05,7.679094261974357379e-04,2.825053613872836032e-04,1.842800289644056259e-03,8.983230742370583661e-04,2.459125922844773628e-03,1.097127752737947536e-03,5.564016865248616866e-04,3.752848521127135403e-04,7.045992881015328453e-05,3.083672875165367533e-05,2.377244130278675610e-06,5.705730828043992143e-08,3.824867654478111490e-08,1.316009607324939473e-10,9.811712237733699527e-10,7.604754585800975407e-09,1.874089072958289908e-08,1.800235766385962658e-08,4.631114981720453371e-10,1.347424679191810884e-10,1.920211619537036686e-07,8.717637040520188215e-06,1.161768429049607753e-04,2.526688310527969397e-05,9.774074574282502886e-06,3.832585937053661559e-05
0.000000000000000000e+00,0.000000000000000000e+00,-6.507936507936508130e-01,9.212501015248774142e-03,5.364281971080680535e-03,8.862983590141855147e-03,1.114062327377313838e-02,9.917485991377043147e-03,7.044967630208220748e-03,5.712579091934007029e-03,2.954805083306355756e-03,1.125255158016440020e-04,2.274276195284405551e-04,3.264875409238971794e-04,9.533993058996200238e-06,2.463091164376901131e-04,1.324912012777325343e-04,1.433580177961548546e-04,7.367037231179268762e-04,2.054565780561202863e-03,1.388676686516272145e-03,2.420143003202616036e-05,1.364785559481889940e-03,3.246702272025747162e-03,2.411585815203515747e-03,2.007101591425789703e-03,1.960552827844115695e-03,1.397562666332666974e-03,6.421786748217398052e-04,1.443769522769560625e-04,2.893961603107315326e-05,3.539391826241179907e-05,1.973916689244395496e-05,2.976900346899430069e-04,6.205485238336419995e-04,1.219883073846691514e-03,1.063408624792447902e-04,3.093312123126319875e-03,4.272740724249631645e-04,1.076831637045579278e-02,7.082917688713431976e-03,5.122412269537563075e-03,9.733608261061458405e-03,2.827814277963067169e-03,3.453801182801327727e-03,3.309697973094325829e-04,1.130434335009994828e-04,9.712935346866319780e-06,6.103965826923481737e-06,6.549888771054688462e-06,1.236325934018498460e-08,1.959698752723669617e-08,4.378514663232582963e-08,6.734518390301880284e-07,8.631660584053485302e-07,3.866967382000644185e-08,4.331104568449946864e-08,1.384949982533623124e-05,3.155328933874745542e-04,1.776500857675751468e-03,8.166882284258760718e-04,1.558534732368381851e-04,5.720214900684599110e-04
0.000000000000000000e+00,0.000000000000000000e+00,0.000000000000000000e+00,-4.444444444444444198e-01,6.008410908303119836e-03,7.377960030656913019e-03,6.868631609335392081e-03,4.518392167032967734e-03,3.505210424057971386e-03,1.950277938300204288e-03,1.095200775388459986e-03,4.779186027534433221e-05,1.093662875987116468e-04,1.655842674105628828e-04,5.424787669431681217e-06,1.322676277791383652e-04,9.350471198815862059e-05,9.492828320522047464e-05,4.915525983323500549e-04,1.704144854211570286e-03,6.121667414910366822e-04,1.756471282845277902e-05,1.166839990908123377e-03,2.340116186107573087e-03,1.605689876296219603e-03,1.448284442240782826e-03,1.390328224549054184e-03,1.454245938949399845e-03,6.161251191213706728e-04,1.712000973815273896e-04,4.135783367815240179e-05,3.754138842587263460e-05,2.399358621567024679e-05,2.642642202337892160e-04,4.601763148879452745e-04,1.188303101282109798e-03,9.440046415964888516e-05,3.137655451261981820e-03,5.117205618393156448e-04,7.363440685621124721e-03,6.626154308299044698e-03,7.700770713245599745e-03,8.953895975692027082e-03,5.571726265419566469e-03,4.917203047759424218e-03,8.665907918487668771e-04,3.901658500233602276e-04,4.330847310591613030e-05,1.488628347814106453e-05,2.124341575349696402e-05,6.975071456859864110e-08,1.044752089473169375e-07,3.174711755820583540e-07,1.777684610989586277e-06,2.382860939024222134e-06,1.818077475406362664e-07,7.542685513803331739e-08,2.781999885386416546e-05,5.287854424392266807e-04,2.564605801644787627e-03,1.230608690823025960e-03,4.491224362532246668e-04,1.459423793822835647e-03
0.000000000000000000e+00,0.000000000000000000e+00,0.000000000000000000e+00,0.000000000000000000e+00,-2.857142857142856984e-01,6.320953109152092561e-03,5.302361392534780948e-03,3.556956387861619565e-03,2.494737272932117354e-03,1.318943625988393872e-03,9.553713168281236304e-04,1.068395164612224736e-04,2.342814449567763688e-04,2.881366308067628704e-04,1.788742669767797767e-05,2.745966490683015454e-04,3.366911458701894819e-04,2.467755305365113916e-04,1.026067989033890892e-03,2.788292353872174126e-03,8.124892914697003782e-04,5.337446728577741544e-05,2.001375347194749195e-03,3.269939405943763765e-03,2.206253209768552822e-03,1.818460569683793453e-03,1.325131877411799474e-03,1.279711468598991207e-03,5.065243856294065041e-04,1.724449405758757617e-04,3.295616730312034661e-05,1.632223728603932533e-05,1.301348218224118920e-05,1.229185126870854035e-04,1.701157293862436571e-04,4.450344248903553433e-04,3.959939419439201762e-05,1.262196803744232996e-03,2.817749558114491289e-04,3.133121252481062095e-03,2.863041541028244971e-03,3.428617971846070322e-03,5.023796474593452722e-03,3.403788762129677549e-03,3.407536719753698987e-03,1.183092888030480051e-03,4.699084289358621447e-04,5.922493966722910572e-05,1.672174687744846925e-05,2.303201248923321504e-05,1.109574323327497044e-07,1.631129666969009055e-07,2.833955676678193272e-07,9.446375325327401159e-07,1.673439316187760988e-06,1.596003252145282339e-07,9.799258239571731734e-08,4.265468065640185550e-05,3.537409224573852284e-04,1.401677646417947860e-03,8.686003479733959455e-04,3.345646171083518634e-04,8.691409309949003296e-04
0.000000000000000000e+00,0.000000000000000000e+00,0.000000000000000000e+00,0.000000000000000000e+00,0.000000000000000000e+00,-1.000000000000000000e+00,1.446712746908137073e-02,1.180690162257791963e-02,3.925132569422876486e-03,4.350850342554697138e-03,2.306257130861652602e-03,2.091683757229690136e-04,3.816682775369673584e-04,1.001782183941337745e-03,6.779753860643969628e-05,2.004256665237252270e-03,1.043501718681675216e-03,1.788972830510049622e-03,4.156739986298291743e-03,4.298547678261601182e-03,7.052257849272467599e-04,3.821265637358647860e-04,7.135204735406839617e-03,1.450005498862195173e-02,1.246536423559457471e-02,1.261315017097833745e-02,9.486433090094862838e-03,8.506247253806867650e-03,3.475130158067187263e-03,8.183835231134629212e-04,1.199238898181331271e-04,8.795623549627421076e-05,2.805784152078849361e-05,5.510139426142291212e-04,5.692521585731682857e-04,8.634843941692437689e-04,3.864302053454362506e-05,1.874537279158567261e-03,2.403453678266884771e-04,7.263794522071823773e-03,7.882980199548080685e-03,3.946438792088403577e-03,1.494195302442303044e-02,4.623111445776785337e-03,1.011490411333110587e-02,1.102674540947627072e-03,4.429648213226621803e-04,5.403370717904919544e-05,5.416116142563124291e-05,8.156114845022608426e-05,2.626265359388167960e-07,3.149212400281968948e-07,4.737452118735700221e-07,7.153071043344331022e-06,1.646543747176643270e-05,1.168576744947919276e-06,5.708193518342678434e-07,1.590494717582448833e-04,2.344398008994596876e-03,5.790142882050653729e-03,4.539795513309395104e-03,6.918494785550930370e-04,2.038038919275375702e-03
0.000000000000000000e+00,0.000000000000000000e+00,0.000000000000000000e+00,0.000000000000000000e+00,0.000000000000000000e+00,0.000000000000000000e+00,-8.095238095238095344e-01,1.745640384110918111e-02,8.302473847257001854e-03,9.084424839924078871e-03,5.573467726673731089e-03,3.976653166293216742e-04,9.576499109703485047e-04,1.475049936179442323e-03,5.273370877998495132e-05,1.362199245848274383e-03,8.746458897816834039e-04,1.223482816597518032e-03,2.941065106993596794e-03,5.889565077846524617e-03,2.317814658139524288e-03,2.433033056465450995e-04,4.240649586336767314e-03,9.992204787484176148e-03,8.725027782387984043e-03,6.099035660765004391e-03,5.087689993111660022e-03,3.541418638263123080e-03,1.367447898345069057e-03,3.254551358673626014e-04,3.501661695068788240e-05,5.277826312643354648e-05,1.813786315206340356e-05,3.451887948282302129e-04,5.170410049079081577e-04,6.764194417878966739e-04,4.235000221546443105e-05,1.597450665150477274e-03,1.743092110635784402e-04,6.463449489035186062e-03,4.809319482553258904e-03,2.216310240708979206e-03,8.786244523384700508e-03,1.994351716296665321e-03,3.441870996430134669e-03,2.824194790115280959e-04,8.136910434682619617e-05,5.944343446494825044e-06,4.621557189282197034e-06,7.385511286165574106e-06,9.483113372775713589e-09,1.176814437889304036e-08,1.910437784672148855e-08,5.827353368762999583e-07,1.496015871505159891e-06,7.948961387000130918e-08,1.132184572202875064e-07,3.927262955511032650e-05,6.230945305840452676e-04,1.566425934381399706e-03,8.998814886998958169e-04,1.163727825007913663e-04,3.664881741464404781e-04
0.000000000000000000e+00,0.000000000000000000e+00,0.000000000000000000e+00,0.000000000000000000e+00,0.000000000000000000e+00,0.000000000000000000e+00,0.000000000000000000e+00,-8.571428571428570953e-01,1.053898990798849550e-02,1.557413604368559565e-02,9.433991628815415614e-03,8.927719970182602634e-04,1.361275119966342097e-03,2.174444885358655950e-03,9.146085546868834158e-05,1.544812181375460449e-03,8.797973948801631611e-04,1.067591919088958048e-03,2.231035650090162394e-03,5.164549454237268508e-03,2.779392850281675251e-03,2.224963990404851496e-04,2.581195667759142356e-03,7.394253496460319840e-03,8.341200278420985922e-03,6.134027737433274396e-03,5.799711292997760531e-03,3.840083258453157091e-03,1.557336108299407730e-03,4.415379823566991171e-04,5.467059937625390060e-05,8.335108515069207535e-05,2.853900281608343518e-05,4.453312940265960213e-04,6.547353293183957260e-04,7.161562008471341906e-04,5.699253515996338773e-05,1.816644855165321223e-03,1.574693341105708134e-04,6.946922684399015231e-03,4.751553539735536152e-03,1.694457612930569271e-03,6.157792792724481150e-03,1.337717920946932849e-03,1.782203833819497605e-03,9.407863295238099463e-05,2.669826678659932350e-05,1.373366032443738830e-06,2.744830037879666556e-06,3.942389525874722194e-06,5.155136351867749959e-09,6.043965161056587279e-09,7.316747092842373791e-09,4.944625734701934532e-07,1.386965526858183614e-06,7.601863936440532786e-08,1.824467828064717116e-07,4.542966073406829017e-05,6.413723781553803526e-04,1.422400106066375831e-03,8.117392325391566740e-04,1.052270524108574879e-04,2.320307606416218587e-04
0.000000000000000000e+00,0.000000000000000000e+00,0.000000000000000000e+00,0.000000000000000000e+00,0.000000000000000000e+00,0.000000000000000000e+00,0.000000000000000000e+00,0.000000000000000000e+00,-4.761904761904761640e-01,1.054840525124094673e-02,8.751343308999175175e-03,7.682001801415656427e-04,1.041188079735056631e-03,1.248271810068671229e-03,4.931164035101070413e-05,5.035876599092378248e-04,3.432508153559574149e-04,2.023103173730990531e-04,8.471200484648596556e-04,3.681813651986573597e-03,3.650698386563030248e-03,6.841682398583053904e-05,8.477235274278532243e-04,2.193297388618308408e-03,2.292610916575148292e-03,1.668159834006929495e-03,1.830840158178593515e-03,1.138675484281877854e-03,4.067589434450423155e-04,1.949869638150748894e-04,2.659999791060602381e-05,3.131189978635326682e-05,1.678007986800331602e-05,1.666012677745875236e-04,3.963734656584995473e-04,7.169500926548490151e-04,7.131299739034518438e-05,1.660417298188080100e-03,1.390755751221703254e-04,3.526951549593313091e-03,2.178980879848805424e-03,1.178430590648714242e-03,2.107374245372701724e-03,6.454699259450872835e-04,4.261003385708564666e-04,3.280111424552521038e-05,7.927162632346578848e-06,3.231106115240043653e-07,3.819121607335561123e-07,5.966961748130129617e-07,5.642781941902350166e-10,6.804328150354234146e-10,1.009072826677182085e-09,6.472432080214713664e-08,1.740498250734383394e-07,1.110048463024383657e-08,5.296868354112119906e-08,1.463679847895219968e-05,1.279003309759252610e-04,3.518761327639792166e-04,1.263120388792792783e-04,2.439623460533149095e-05,7.050804621481760023e-05
0.000000000000000000e+00,0.000000000000000000e+00,0.000000000000000000e+00,0.000000000000000000e+00,0.000000000000000000e+00,0.000000000000000000e+00,0.000000000000000000e+00,0.000000000000000000e+00,0.000000000000000000e+00,-9.047619047619047672e-01,1.227221719015283638e-02,1.229473647038843102e-03,1.295646292630822909e-03,1.687701475561584905e-03,6.692469839997821507e-05,8.410309600920981522e-04,3.103441046532143667e-04,2.326410257366264098e-04,6.105241950687451038e-04,2.361672482614534697e-03,3.154124618818690638e-03,7.954925627841643698e-05,5.046660874027836556e-04,1.985820535004925464e-03,2.711704217004932364e-03,2.196022217840918646e-03,2.831512795765261849e-03,1.600048806020341148e-03,5.121913214738719935e-04,1.645234536160495047e-04,2.094012305205819014e-05,5.088590843746570563e-05,2.271683502959669472e-05,3.202501669993918052e-04,7.997672271356731730e-04,8.021542035168090007e-04,8.495220513999961458e-05,1.503716929529061138e-03,1.086392574582762164e-04,3.934020703432015639e-03,2.459291679529818433e-03,7.045656421941358556e-04,2.387285178054759146e-03,3.799878545973991734e-04,3.213485366237451147e-04,7.999074815676163541e-06,1.988020426640449281e-06,4.877885680931674394e-08,1.288551565092871968e-07,1.688043788086640508e-07,1.074751661473298123e-10,1.225920352232718981e-10,1.840810275884890171e-10,3.996388631347673909e-08,9.976335477396010813e-08,4.359051766697806468e-09,4.616355358734109819e-08,1.115179701032313678e-05,1.534982808231000304e-04,3.760149307583428302e-04,1.336282772566344554e-04,1.415510187799367906e-05,3.313531270767722383e-05
0.000000000000000000e+00,0.000000000000000000e+00,0.000000000000000000e+00,0.000000000000000000e+00,0.000000000000000000e+00,0.000000000000000000e+00,0.000000000000000000e+00,0.000000000000000000e+00,0.000000000000000000e+00,0.000000000000000000e+00,-5.555555555555555802e-01,2.209470075049732758e-03,2.415308634992580777e-03,3.600866976077943607e-03,1.563464136429729254e-04,1.353973604591202692e-03,6.398403825383642933e-04,4.606256891233232267e-04,9.355777996884410540e-04,2.889270345771982867e-03,2.996096815748067795e-03,2.325201555402341244e-04,6.149537119857088939e-04,1.625331179698679372e-03,2.386884489469640741e-03,1.884834159704834589e-03,2.049971605963717830e-03,1.106788979728046346e-03,4.948784866140815229e-04,2.426372148166061008e-04,3.710264616419574980e-05,5.430273422476386260e-05,2.057661771655579079e-05,2.284244657146202362e-04,3.976236916209166766e-04,4.759192440796983421e-04,3.917322780245382699e-05,8.392768724704862847e-04,4.714281926226856378e-05,1.612528248634026136e-03,1.167981670905739828e-03,3.253108697857024878e-04,8.538288124074212273e-04,2.146619285482268577e-04,1.195084413761870860e-04,5.276254238280538168e-06,1.227195192702966414e-06,2.731918982696618948e-08,1.227338342910436697e-07,2.015812610584167165e-07,1.228962434240382884e-10,1.058168855324233908e-10,1.141595462335821108e-10,4.221761562302840829e-08,1.714635346943368716e-07,9.527839343935116971e-09,1.062076283971576498e-07,2.000780760683251391e-05,1.451444021282830834e-04,1.845424102017167469e-04,7.121296185838263718e-05,1.198958110477438845e-05,2.336391735851246987e-05
0.000000000000000000e+00,0.000000000000000000e+00,0.000000000000000000e+00,0.000000000000000000e+00,0.000000000000000000e+00,0.000000000000000000e+00,0.000000000000000000e+00,0.000000000000000000e+00,0.000000000000000000e+00,0.000000000000000000e+00,0.000000000000000000e+00,-1.269841269841269771e-01,2.787485578039511358e-03,2.270866939776178609e-03,5.595872863007768762e-04,8.472815859600108402e-04,7.016255001167126830e-04,2.812952499348744828e-04,3.382229581863623416e-04,7.692419629576025897e-04,6.628799079462542121e-04,2.383470268302899158e-04,1.327168127836650868e-04,3.013116258740540965e-04,6.065876857947713518e-04,4.820297427977392538e-04,5.037594898509692486e-04,2.132924322498104520e-04,1.503299572814921297e-04,9.719392273354917190e-05,3.155366913311377316e-05,1.956257819888657627e-05,1.250313130930956318e-05,2.629995157753539658e-05,1.268763192316456172e-05,1.363728823511268467e-05,2.704611713369415993e-06,2.830516086745059028e-05,4.575717877914758766e-06,4.519034837306968287e-05,4.907140112870934164e-05,1.184056673562672890e-05,3.819187848312440052e-05,1.392117898361933557e-05,4.573437554554220199e-06,3.823796548202164424e-07,9.103747601762425693e-08,1.654497964094334999e-09,2.389437393010362753e-08,3.604763618201760907e-08,4.148857225102099137e-11,1.270865392244511032e-11,1.180218270182772710e-11,4.990160722683841227e-09,6.074970370879276898e-08,1.486429664632295492e-08,4.432722249782761420e-07,2.203077681174165178e-05,3.090293382795582944e-05,1.668900682782454941e-05,1.117726054500443849e-05,3.016337882536447792e-06,1.534139007011255158e-06
0.000000000000000000e+00,0.000000000000000000e+00,0.000000000000000000e+00,0.000000000000000000e+00,0.000000000000000000e+00,0.000000000000000000e+00,0.000000000000000000e+00,0.000000000000000000e+00,0.000000000000000000e+00,0.000000000000000000e+00,0.000000000000000000e+00,0.000000000000000000e+00,-1.428571428571428492e-01,2.785787487380584748e-03,6.082695065486236168e-04,1.143391404316838151e-03,1.235558049734859993e-03,6.163503004378194719e-04,8.799394341933497237e-04,1.783448669147510166e-03,1.011509631832097121e-03,4.180941415596902788e-04,3.392917886951681223e-04,7.289996509910621949e-04,1.008782714294598464e-03,7.352304488188001787e-04,6.462212684679056671e-04,2.493683903968557680e-04,1.671233577420541390e-04,8.813441133312600092e-05,2.325697769241156338e-05,1.311493396758681391e-05,6.118640741245121637e-06,1.421391473717262782e-05,1.778292104637552436e-05,2.377145961017398224e-05,2.802278032146182830e-06,5.048373567635598615e-05,7.990842606661693220e-06,8.204047323811524696e-05,9.041740311943546827e-05,2.727459372972866109e-05,9.420557512532644231e-05,3.275918650018965010e-05,1.534160037430203552e-05,1.814031605941920011e-06,4.498575039449069965e-07,1.166953636604334653e-08,6.233611993195421203e-08,1.122786639727845745e-07,1.974813636969233614e-10,9.126951860511468899e-11,4.575910271719447527e-11,6.506845750810218047e-09,9.442793463436747434e-08,2.130064707725755410e-08,3.033971682717872773e-07,2.258007974327932936e-05,3.807201914910864700e-05,3.114745871321768407e-05,2.122397341720088574e-05,5.311148373046535874e-06,4.382262479419246058e-06
0.000000000000000000e+00,0.000000000000000000e+00,0.000000000000000000e+00,0.000000000000000000e+00,0.000000000000000000e+00,0.000000000000000000e+00,0.000000000000000000e+00,0.000000000000000000e+00,0.000000000000000000e+00,0.000000000000000000e+00,0.000000000000000000e+00,0.000000000000000000e+00,0.000000000000000000e+00,-3.968253968253968034e-01,1.215701344152008345e-03,7.239231845854479826e-03,4.806144110115703923e-03,3.495910801552104281e-03,3.275616831984089119e-03,2.866269554708186784e-03,4.002639757106370546e-04,3.009205467000858596e-03,1.485868706934775907e-03,2.514644689089648964e-03,5.178493171950120100e-03,4.245775303356357638e-03,3.787245643893124864e-03,1.917371292371229836e-03,1.737107833582107524e-03,1.088130956970380413e-03,3.492765636007712855e-04,2.023767957820091245e-04,3.093821140665754127e-05,2.168030009651654791e-04,7.423103376664341333e-05,6.786521113730860670e-05,3.123433829830945069e-06,1.216075896618667686e-04,5.812312267759159158e-06,1.821559384748340927e-04,1.956862983026650771e-04,4.995159811443131105e-05,1.846222300908259583e-04,8.137503058528763845e-05,3.395826573667808714e-05,2.737649434640287258e-06,7.974138139756708940e-07,1.687933138310016231e-08,2.306341493405386905e-06,4.050008495861107439e-06,1.270293121471263728e-08,8.485868109906273651e-09,1.297361377058362418e-09,6.786989776765723882e-07,5.600860782655138756e-06,1.360802989134276638e-06,3.357440830634318747e-06,2.902174041221319747e-04,5.272481473734740107e-04,1.897159876156773585e-04,2.534013831679919593e-04,7.668255926966216583e-05,4.186056203316515463e-05
0.000000000000000000e+00,0.000000000000000000e+00,0.000000000000000000e+00,0.000000000000000000e+00,0.000000000000000000e+00,0.000000000000000000e+00,0.000000000000000000e+00,0.000000000000000000e+00,0.000000000000000000e+00,0.000000000000000000e+00,0.000000000000000000e+00,0.000000000000000000e+00,0.000000000000000000e+00,0.000000000000000000e+00,-6.349206349206348854e-02,1.366609802923706655e-03,1.109801640694526399e-03,7.802143098100161774e-04,4.374253050722628285e-04,2.193581042677604780e-04,2.584862902866615075e-05,9.174355228893435596e-04,1.925611844509495245e-04,2.424757238143838891e-04,5.686416303344837657e-04,5.404743116127675882e-04,4.172616993663512235e-04,2.191114163988828458e-04,2.725980179230502861e-04,1.782059466028757747e-04,8.528399522846137246e-05,3.539181902143673778e-05,1.148031940136154032e-05,2.161159381248344141e-05,4.563460567807050677e-06,3.211094804550032119e-06,5.234893697612199584e-07,4.415588585655841634e-06,1.099008214505338505e-06,5.778512204144341655e-06,8.027284149802267456e-06,1.357760324334778775e-06,6.955150423961787454e-06,4.722896641081776072e-06,1.684395503822508393e-06,3.015131550223650194e-07,1.023850343136508518e-07,3.541442422734951255e-09,6.661649120237266187e-07,1.352408959453913476e-06,1.756104467244540635e-08,7.227229381396772840e-09,1.741835028392248792e-09,2.339656488016015798e-07,1.920917585794000055e-06,8.370728492574377465e-07,7.393170551649350076e-06,1.165516272255503772e-04,8.592270806975409669e-05,2.170092457370399378e-05,3.497094990744962703e-05,1.398381231845941019e-05,5.035427784192411251e-06
0.000000000000000000e+00,0.000000000000000000e+00,0.000000000000000000e+00,0.000000000000000000e+00,0.000000000000000000e+00,0.000000000000000000e+00,0.000000000000000000e+00,0.000000000000000000e+00,0.000000000000000000e+00,0.000000000000000000e+00,0.000000000000000000e+00,0.000000000000000000e+00,0.000000000000000000e+00,0.000000000000000000e+00,0.000000000000000000e+00,-6.666666666666666297e-01,6.653786494378478335e-03,1.048881457759709250e-02,7.182020023867044523e-03,1.934082128381140950e-03,9.261586389844070582e-05,8.744395602461789083e-03,4.034707506288239855e-03,5.723583626789036441e-03,1.043548643690075765e-02,1.083201714205359739e-02,8.037807488931257571e-03,4.980122077790665423e-03,6.166194357449927138e-03,2.667065124062727253e-03,1.013760842674862666e-03,6.844372705970603633e-04,4.803883348883256841e-05,5.710845788225192348e-04,1.333387719350064926e-04,7.140365852451092976e-05,2.420083910883105749e-06,8.653341984292606997e-05,4.758294729640403153e-06,1.864842981307761414e-04,3.576434968159425973e-04,5.005997479511236937e-05,3.336655649866544370e-04,1.509826964064391063e-04,1.105947533778323192e-04,9.467248272233369806e-06,4.714425213970279632e-06,1.924312528845143656e-07,5.636727913638305243e-05,9.706620239642028394e-05,7.729366928418477845e-07,4.912275369015572993e-07,7.288526034980311111e-08,1.472523331754558716e-05,8.714926605094933966e-05,1.997170304956967803e-05,1.440258876234844698e-05,1.019118241375764492e-03,2.650894950976539696e-03,8.997384845048087476e-04,1.596660641166341770e-03,3.601172343103108131e-04,2.623455683140410465e-04
0.000000000000000000e+00,0.000000000000000000e+00,0.000000000000000000e+00,0.000000000000000000e+00,0.000000000000000000e+00,0.000000000000000000e+00,0.000000000000000000e+00,0.000000000000000000e+00,0.000000000000000000e+00,0.000000000000000000e+00,0.000000000000000000e+00,0.000000000000000000e+00,0.000000000000000000e+00,0.000000000000000000e+00,0.000000000000000000e+00,0.000000000000000000e+00,-3.015873015873015706e-01,6.442038449327836848e-03,5.498382741214088813e-03,2.815459517018919187e-03,1.528785863982722612e-04,5.248781005989040099e-03,2.968621156572695194e-03,3.108485523097210320e-03,5.328889657876981038e-03,3.804642199451553370e-03,2.406847034531805520e-03,1.211389319582707735e-03,1.349280730746891827e-03,6.306971497508261559e-04,2.355556120450545340e-04,7.144528420636068002e-05,9.239160350743092629e-06,6.354836036167112211e-05,1.744817792471908951e-05,1.667826803490786932e-05,5.304545755963116327e-07,2.578148255437234850e-05,2.193429197280525844e-06,5.521011775131762960e-05,1.014608864727767974e-04,2.252480856987873226e-05,1.500539988966655862e-04,7.288236634313811457e-05,5.330961206995073345e-05,1.209121857145350661e-05,2.300390481914107069e-06,1.324120012184813872e-07,9.574255353393193649e-06,2.073073739004981135e-05,1.302743329312431951e-07,7.283680020320883692e-08,1.289490521751797002e-08,1.084132275809432944e-06,9.558090810257258656e-06,3.081831353832619404e-06,3.115771089107130120e-06,3.414028952572286833e-04,5.024618334339976504e-04,1.932289403802392143e-04,3.606729547571616012e-04,1.335553043148888445e-04,8.223659142740604897e-05
0.000000000000000000e+00,0.000000000000000000e+00,0.000000000000000000e+00,0.000000000000000000e+00,0.000000000000000000e+00,0.000000000000000000e+00,0.000000000000000000e+00,0.000000000000000000e+00,0.000000000000000000e+00,0.000000000000000000e+00,0.000000000000000000e+00,0.000000000000000000e+00,0.000000000000000000e+00,0.000000000000000000e+00,0.000000000000000000e+00,0.000000000000000000e+00,0.000000000000000000e+00,-7.619047619047618625e-01,1.110503807248201802e-02,2.198851944059771260e-03,6.284000353452086265e-05,1.124645558567829301e-02,7.335599219385391737e-03,7.605785757868507857e-03,1.003116328346575180e-02,5.988986702470297172e-03,3.078370399947882950e-03,1.338602488621168634e-03,1.614854127391844672e-03,3.678841890543202843e-04,9.964293492824410881e-05,4.172295050191341499e-05,1.680183210590787374e-06,3.434335862320506589e-05,8.765917945111454697e-06,8.139602959014197333e-06,1.062319845347511062e-07,1.642394136404047897e-05,1.017737590575743328e-06,7.115450611132243767e-05,1.080357769312391837e-04,2.340462586879625729e-05,1.959540669255226608e-04,7.614346186889625709e-05,1.462743710688587751e-04,1.669470908605769283e-05,5.065368586967681779e-06,2.628685567337472407e-07,1.179249238659243462e-05,2.385584434720810200e-05,6.036732184260950324e-08,2.838487195111971844e-08,4.180291236222236765e-09,9.412187476309918085e-07,6.836594991166479291e-06,1.388974399084761474e-06,1.098978337306811706e-06,1.670450752716504822e-04,5.544244791018550613e-04,2.135342409829899164e-04,5.340452985014560025e-04,8.650125056849251317e-05,9.534828048997680825e-05
0.000000000000000000e+00,0.000000000000000000e+00,0.000000000000000000e+00,0.000000000000000000e+00,0.000000000000000000e+00,0.000000000000000000e+00,0.000000000000000000e+00,0.000000000000000000e+00,0.000000000000000000e+00,0.000000000000000000e+00,0.000000000000000000e+00,0.000000000000000000e+00,0.000000000000000000e+00,0.000000000000000000e+00,0.000000000000000000e+00,0.000000000000000000e+00,0.000000000000000000e+00,0.000000000000000000e+00,-6.031746031746031411e-01,5.109827689722144795e-03,2.936626713007921166e-04,5.785932958821918271e-03,1.120881164556492872e-02,1.079469828528823762e-02,1.111986591486538271e-02,6.508736492594797626e-03,3.679363734144657123e-03,1.701433762546779652e-03,1.413506616538799969e-03,3.678113190861049295e-04,8.492763038859991738e-05,3.256083767923864393e-05,2.315391417399465808e-06,4.360409756818528623e-05,2.351522440080728695e-05,3.063150823770136684e-05,5.346935382331116214e-07,7.133104815243153070e-05,5.324954292989533163e-06,2.537715327051178306e-04,3.341995092919823151e-04,1.174433436151402818e-04,6.274548792368218582e-04,2.561428413798212851e-04,4.553454037087930240e-04,8.234320887493981297e-05,2.043242537843287002e-05,1.568651180660741656e-06,1.341547285245267465e-05,2.754309614870470747e-05,5.728985341731018541e-08,3.417249200658410079e-08,1.008593723965239816e-08,6.142391664282981519e-07,5.004226341663537691e-06,6.562404155913812797e-07,5.494285470169340817e-07,1.158510560073192379e-04,5.615612484856838784e-04,4.115361875710226228e-04,6.752525718980418278e-04,1.254878084004581193e-04,1.984902016410690275e-04
0.000000000000000000e+00,0.000000000000000000e+00,0.000000000000000000e+00,0.000000000000000000e+00,0.000000000000000000e+00,0.000000000000000000e+00,0.000000000000000000e+00,0.000000000000000000e+00,0.000000000000000000e+00,0.000000000000000000e+00,0.000000000000000000e+00,0.000000000000000000e+00,0.000000000000000000e+00,0.000000000000000000e+00,0.000000000000000000e+00,0.000000000000000000e+00,0.000000000000000000e+00,0.000000000000000000e+00,0.000000000000000000e+00,-3.333333333333333148e-01,1.798720027902745615e-03,8.160601824882839951e-04,3.866938092226339732e-03,5.809414310411181726e-03,5.743898746346110668e-03,3.276679431805570256e-03,2.547943572797666499e-03,1.166908986568774079e-03,7.098234711498106232e-04,2.597304027372648243e-04,5.753944319335252021e-05,2.239584422933395733e-05,5.800529178712895490e-06,4.441365686154768110e-05,7.502017903555010798e-05,1.287832350575739268e-04,6.895014036493123670e-06,3.457208358044006145e-04,3.783316635672541434e-05,7.402076111436263700e-04,8.121053447625637984e-04,4.974504907907777856e-04,1.375758724191850730e-03,6.507389411595319167e-04,5.537732545719944782e-04,1.164919767920609390e-04,2.851501696013772528e-05,1.738040119879797954e-06,2.631754423909951714e-06,5.671711205913182978e-06,1.196389811476217895e-08,9.259442716953775610e-09,5.415327218859603908e-09,9.264208156037266491e-08,9.787397800424987505e-07,1.482219035657784704e-07,2.347317317816137778e-07,5.614380790437275643e-05,2.346850266194015007e-04,3.861030649608973922e-04,3.305666977947291363e-04,9.087988445160239206e-05,1.261975154887400843e-04
0.000000000000000000e+00,0.000000000000000000e+00,0.000000000000000000e+00,0.000000000000000000e+00,0.000000000000000000e+00,0.000000000000000000e+00,0.000000000000000000e+00,0.000000000000000000e+00,0.000000000000000000e+00,0.000000000000000000e+00,0.000000000000000000e+00,0.000000000000000000e+00,0.000000000000000000e+00,0.000000000000000000e+00,0.000000000000000000e+00,0.000000000000000000e+00,0.000000000000000000e+00,0.000000000000000000e+00,0.000000000000000000e+00,0.000000000000000000e+00,-1.904761904761904656e-01,1.497376165686228921e-05,1.764437410594576453e-04,4.629421839767005058e-04,4.850065533311005142e-04,2.251804480274994678e-04,2.189774178051466004e-04,9.924480330011280303e-05,3.283786785093632837e-05,1.313156259810113218e-05,1.474728745601233328e-06,1.154057017839792858e-06,2.511763448841188209e-06,1.229055804395998231e-05,2.708848082336295227e-05,4.731789864635161535e-05,1.140664711589625244e-05,1.496440966481158265e-04,2.772235593278811559e-05,3.639816853347286208e-04,1.954792675356428397e-04,1.248331452730535446e-04,2.580573361647015029e-04,6.852269380808389350e-05,4.171034957635475995e-05,5.599978092866030522e-06,1.243226842215511203e-06,3.495730046475168818e-08,7.283976657862165684e-09,1.464561309084759891e-08,9.070044095420983732e-12,6.760228144389359422e-12,1.809610550758409102e-11,8.072983187919022561e-10,3.975118646891797508e-09,2.208900945945006922e-10,4.360415116556583076e-09,1.335431272874606725e-06,9.667922922123986290e-06,2.177508814290518311e-05,8.771158357824193136e-06,1.756721573704653338e-06,3.569530655072551557e-06
0.000000000000000000e+00,0.000000000000000000e+00,0.000000000000000000e+00,0.000000000000000000e+00,0.000000000000000000e+00,0.000000000000000000e+00,0.000000000000000000e+00,0.000000000000000000e+00,0.000000000000000000e+00,0.000000000000000000e+00,0.000000000000000000e+00,0.000000000000000000e+00,0.000000000000000000e+00,0.000000000000000000e+00,0.000000000000000000e+00,0.000000000000000000e+00,0.000000000000000000e+00,0.000000000000000000e+00,0.000000000000000000e+00,0.000000000000000000e+00,0.000000000000000000e+00,-5.714285714285713969e-01,3.039229330157060607e-03,2.417049859372081850e-03,4.076743577063276364e-03,2.920476506655493576e-03,1.383354300279578597e-03,6.230528256540875500e-04,9.213097566997250536e-04,3.411269253271695693e-04,1.118289648612344348e-04,3.744159610519930993e-05,1.458850251658697264e-06,1.943935056748828538e-05,2.288042600341270740e-06,1.830082381654985797e-06,2.885895651676364716e-08,4.063419820064931251e-06,1.746726610568500518e-07,1.191066033721033328e-05,2.073291279422080432e-05,3.861184988698486818e-06,3.378323814566907657e-05,1.710251567883292441e-05,1.911586759893934239e-05,2.493436132418376588e-06,8.807786291932644165e-07,3.533989325274628002e-08,8.459190616284393950e-06,1.849198827896842990e-05,6.164671876226368206e-08,2.465115419501170356e-08,2.688595032954809904e-09,9.604832391607776849e-07,8.141702219436696322e-06,2.410442891520177420e-06,1.970449620215311769e-06,1.998102659602321086e-04,3.441165636392301747e-04,7.970569563151572515e-05,2.198415075806642652e-04,5.204257588352609499e-05,3.539530209489102946e-05
0.000000000000000000e+00,0.000000000000000000e+00,0.000000000000000000e+00,0.000000000000000000e+00,0.000000000000000000e+00,0.000000000000000000e+00,0.000000000000000000e+00,0.000000000000000000e+00,0.000000000000000000e+00,0.000000000000000000e+00,0.000000000000000000e+00,0.000000000000000000e+00,0.000000000000000000e+00,0.000000000000000000e+00,0.000000000000000000e+00,0.000000000000000000e+00,0.000000000000000000e+00,0.000000000000000000e+00,0.000000000000000000e+00,0.000000000000000000e+00,0.000000000000000000e+00,0.000000000000000000e+00,-6.349206349206348854e-01,1.401664930785177961e-02,1.049461455487526659e-02,7.494736422346746224e-03,3.768826448608728584e-03,2.459482935968864727e-03,1.904933104925361081e-03,4.285292895341522718e-04,8.549729037394392269e-05,2.992240297465644715e-05,2.052968678466263012e-06,5.249205841282947608e-05,2.366253491509438123e-05,3.857163878536816850e-05,6.050683381725439571e-07,1.051562197397068796e-04,1.181420876765459600e-05,5.677952839137792671e-04,7.067611874885324896e-04,3.530415567918529225e-04,1.664201724347198026e-03,7.838127150133735377e-04,1.781525062993243817e-03,3.870666320834089801e-04,1.289944637441475534e-04,1.350424748041440970e-05,5.196072398706857607e-05,9.553726588130646358e-05,2.596435095628732833e-07,1.862265960310611556e-07,7.983884358526631274e-08,2.054705123627745062e-06,1.103437302247520617e-05,1.216553317064528333e-06,5.222195205485163346e-07,1.456785606278613243e-04,1.146652887769494160e-03,1.099996099948118795e-03,1.747876426257176461e-03,3.703758195579806068e-04,7.382801464584508484e-04
0.000000000000000000e+00,0.000000000000000000e+00,0.000000000000000000e+00,0.000000000000000000e+00,0.000000000000000000e+00,0.000000000000000000e+00,0.000000000000000000e+00,0.000000000000000000e+00,0.000000000000000000e+00,0.000000000000000000e+00,0.000000000000000000e+00,0.000000000000000000e+00,0.000000000000000000e+00,0.000000000000000000e+00,0.000000000000000000e+00,0.000000000000000000e+00,0.000000000000000000e+00,0.000000000000000000e+00,0.000000000000000000e+00,0.000000000000000000e+00,0.000000000000000000e+00,0.000000000000000000e+00,0.000000000000000000e+00,-8.253968253968253510e-01,1.780155305897100290e-02,1.411320846978215623e-02,9.151095628740604435e-03,5.566522042437207357e-03,3.890176368017134526e-03,8.158357772894044967e-04,1.771252165938328035e-04,9.738108169560604475e-05,8.680540560863203554e-06,2.087980325768960170e-04,1.441652385369129050e-04,1.721003733136331620e-04,4.417068313070338636e-06,3.843458981565971849e-04,4.083868958434755489e-05,1.896952839330761937e-03,1.952598830306655946e-03,7.914836317920511278e-04,4.426185582634667957e-03,1.343210638725104988e-03,3.252619923756513119e-03,4.493587072868133353e-04,1.427099161027238234e-04,1.495428324783738865e-05,6.429070598344686948e-05,1.090019481327368276e-04,3.716199885360359577e-07,3.057787852081008699e-07,1.495382594567364824e-07,3.864989473671301228e-06,1.912292756578472716e-05,2.075592721548320680e-06,9.770414289051038961e-07,2.179371502663563756e-04,1.868986873817796547e-03,2.452627411369131660e-03,3.337982012815069073e-03,5.199452578600399170e-04,9.563692393511286430e-04
0.000000000000000000e+00,0.000000000000000000e+00,0.000000000000000000e+00,0.000000000000000000e+00,0.000000000000000000e+00,0.000000000000000000e+00,0.000000000000000000e+00,0.000000000000000000e+00,0.000000000000000000e+00,0.000000000000000000e+00,0.000000000000000000e+00,0.000000000000000000e+00,0.000000000000000000e+00,0.000000000000000000e+00,0.000000000000000000e+00,0.000000000000000000e+00,0.000000000000000000e+00,0.000000000000000000e+00,0.000000000000000000e+00,0.000000000000000000e+00,0.000000000000000000e+00,0.000000000000000000e+00,0.000000000000000000e+00,0.000000000000000000e+00,-8.888888888888888395e-01,1.825831824446745924e-02,1.457612078751414908e-02,9.441771161030372908e-03,6.940521832996424285e-03,1.942856915149952096e-03,5.582394413504936743e-04,3.643696812059650297e-04,3.386232332329253911e-05,5.895792345324672463e-04,3.278803817091759977e-04,2.865304164221859685e-04,8.246889683033238982e-06,4.616055200565975271e-04,3.882354795834355309e-05,1.705998069430003650e-03,2.116735708560543803e-03,5.358824469808624825e-04,3.748524648826941433e-03,1.001568647207134880e-03,1.863251035071126788e-03,1.831250717621472424e-04,5.210557238957589196e-05,4.428033624516664472e-06,9.201527268084190136e-05,1.481158524557336746e-04,7.334740644902659400e-07,5.914354371355720424e-07,1.956062099007082623e-07,1.089822525994334096e-05,5.361038097429483254e-05,7.309386781374004079e-06,3.945189264850199112e-06,5.667246705707775119e-04,3.155002790525166662e-03,3.024721463933572729e-03,4.434843501178835357e-03,6.901458704086262238e-04,9.374261494716014300e-04
0.000000000000000000e+00,0.000000000000000000e+00,0.000000000000000000e+00,0.000000000000000000e+00,0.000000000000000000e+00,0.000000000000000000e+00,0.000000000000000000e+00,0.000000000000000000e+00,0.000000000000000000e+00,0.000000000000000000e+00,0.000000000000000000e+00,0.000000000000000000e+00,0.000000000000000000e+00,0.000000000000000000e+00,0.000000000000000000e+00,0.000000000000000000e+00,0.000000000000000000e+00,0.000000000000000000e+00,0.000000000000000000e+00,0.000000000000000000e+00,0.000000000000000000e+00,0.000000000000000000e+00,0.000000000000000000e+00,0.000000000000000000e+00,0.000000000000000000e+00,-9.841269841269840724e-01,2.044532179181075479e-02,1.816109618444041937e-02,1.328390703819855821e-02,4.597316929910540660e-03,1.826327250186449017e-03,1.361136728238409883e-03,1.392060206238108816e-04,1.935446423908164385e-03,7.994648674355539974e-04,5.206642435266397185e-04,2.425591081313604395e-05,7.706231530403810518e-04,5.975004394757867169e-05,2.359644357598241100e-03,3.074167924983012973e-03,8.601516110128137752e-04,3.464480960662310368e-03,1.562969387070061106e-03,2.135848967679761061e-03,1.661513438034542003e-04,1.097551285989070989e-04,7.687746776174584032e-06,3.712789280108833132e-04,5.270321120463686889e-04,5.318016319633778173e-06,5.017300541421444173e-06,1.605240712925426464e-06,1.014199426317616271e-04,3.195595158658760251e-04,5.066971905377483436e-05,1.727853120270161363e-05,1.575074025836504469e-03,7.442162476150415533e-03,6.844646632778617068e-03,9.848858009746618708e-03,1.838908008061603677e-03,2.240581410265190913e-03
0.000000000000000000e+00,0.000000000000000000e+00,0.000000000000000000e+00,0.000000000000000000e+00,0.000000000000000000e+00,0.000000000000000000e+00,0.000000000000000000e+00,0.000000000000000000e+00,0.000000000000000000e+00,0.000000000000000000e+00,0.000000000000000000e+00,0.000000000000000000e+00,0.000000000000000000e+00,0.000000000000000000e+00,0.000000000000000000e+00,0.000000000000000000e+00,0.000000000000000000e+00,0.000000000000000000e+00,0.000000000000000000e+00,0.000000000000000000e+00,0.000000000000000000e+00,0.000000000000000000e+00,0.000000000000000000e+00,0.000000000000000000e+00,0.000000000000000000e+00,0.000000000000000000e+00,-9.206349206349205838e-01,2.037289591041319126e-02,1.465551784211909479e-02,6.097294490305022775e-03,2.566685406001881827e-03,2.701799659957370824e-03,3.496837997596069481e-04,3.901911293424402058e-03,2.153134028192463245e-03,1.261992603678009032e-03,7.588284853383605308e-05,1.363565357725591296e-03,9.417842641477139093e-05,3.077317830533806645e-03,4.116568920671409906e-03,9.584647733699178194e-04,3.739029383004213031e-03,1.508725285054717501e-03,1.337619801354474709e-03,7.772235164507037446e-05,5.423632598608341696e-05,2.868867525744853253e-06,2.226360754928639820e-04,2.876603486249518444e-04,3.018336131769804991e-06,3.273996561881164174e-06,1.052096158724594008e-06,1.109146251652093026e-04,3.221007524744637297e-04,5.026027757610384932e-05,2.359206548975437039e-05,1.707393326057952531e-03,7.749331665527379662e-03,7.221140806152078276e-03,8.158550291361232540e-03,1.574227223089680067e-03,1.696495160660541198e-03
0.000000000000000000e+00,0.000000000000000000e+00,0.000000000000000000e+00,0.000000000000000000e+00,0.000000000000000000e+00,0.000000000000000000e+00,0.000000000000000000e+00,0.000000000000000000e+00,0.000000000000000000e+00,0.000000000000000000e+00,0.000000000000000000e+00,0.000000000000000000e+00,0.000000000000000000e+00,0.000000000000000000e+00,0.000000000000000000e+00,0.000000000000000000e+00,0.000000000000000000e+00,0.000000000000000000e+00,0.000000000000000000e+00,0.000000000000000000e+00,0.000000000000000000e+00,0.000000000000000000e+00,0.000000000000000000e+00,0.000000000000000000e+00,0.000000000000000000e+00,0.000000000000000000e+00,0.000000000000000000e+00,-9.682539682539682557e-01,1.733052686783596516e-02,8.011874450472753276e-03,3.615173089883821911e-03,3.841335646215527679e-03,4.573534421086115714e-04,7.022808037001584264e-03,2.601160335495832435e-03,2.230535551798588229e-03,1.218440126517857954e-04,2.027700371290228065e-03,2.067028499001047077e-04,4.749696918002945661e-03,8.426442312374795435e-03,1.838718735552545124e-03,5.532003311913877286e-03,3.104257098555560004e-03,2.070467504046147149e-03,1.313088215417218692e-04,1.299070242468003020e-04,9.516949379850410035e-06,7.553661752334993058e-04,7.865596518665177303e-04,1.522994185613072500e-05,1.933562358576974236e-05,7.708853410327372497e-06,3.919775872454527911e-04,9.911132838648923759e-04,1.665895893081574487e-04,4.110376951430267745e-05,2.537712618627772834e-03,1.249159770079310595e-02,1.332210213166145144e-02,1.339920006977100148e-02,3.181648872013529122e-03,3.194935033372552861e-03
0.000000000000000000e+00,0.000000000000000000e+00,0.000000000000000000e+00,0.000000000000000000e+00,0.000000000000000000e+00,0.000000000000000000e+00,0.000000000000000000e+00,0.000000000000000000e+00,0.000000000000000000e+00,0.000000000000000000e+00,0.000000000000000000e+00,0.000000000000000000e+00,0.000000000000000000e+00,0.000000000000000000e+00,0.000000000000000000e+00,0.000000000000000000e+00,0.000000000000000000e+00,0.000000000000000000e+00,0.000000000000000000e+00,0.000000000000000000e+00,0.000000000000000000e+00,0.000000000000000000e+00,0.000000000000000000e+00,0.000000000000000000e+00,0.000000000000000000e+00,0.000000000000000000e+00,0.000000000000000000e+00,0.000000000000000000e+00,-7.936507936507936067e-01,9.578483428320377913e-03,5.943735259514614129e-03,5.838801940151610442e-03,5.347719153281521066e-04,5.804998180415886673e-03,2.313282336208926423e-03,1.516046046924062569e-03,6.902686731068128126e-05,1.130072066100291884e-03,7.245043009691902989e-05,1.705864923324796690e-03,4.135982367150527715e-03,7.074923434426582053e-04,2.312579302891437563e-03,1.720428631851516829e-03,9.562938328129772046e-04,8.218087220054682868e-05,7.737276641340264875e-05,5.413681581064009789e-06,1.040750699054186507e-03,1.112806512637242590e-03,3.209036560196873580e-05,3.619382732525818467e-05,7.884427752634559958e-06,1.083272062320668081e-03,2.053941023551459927e-03,4.838823300887643052e-04,8.887148414058874035e-05,4.313919887173551029e-03,1.394904402859995125e-02,9.813737980004458988e-03,1.032471716777149176e-02,3.255002576343164061e-03,2.756640340274053597e-03
0.000000000000000000e+00,0.000000000000000000e+00,0.000000000000000000e+00,0.000000000000000000e+00,0.000000000000000000e+00,0.000000000000000000e+00,0.000000000000000000e+00,0.000000000000000000e+00,0.000000000000000000e+00,0.000000000000000000e+00,0.000000000000000000e+00,0.000000000000000000e+00,0.000000000000000000e+00,0.000000000000000000e+00,0.000000000000000000e+00,0.000000000000000000e+00,0.000000000000000000e+00,0.000000000000000000e+00,0.000000000000000000e+00,0.000000000000000000e+00,0.000000000000000000e+00,0.000000000000000000e+00,0.000000000000000000e+00,0.000000000000000000e+00,0.000000000000000000e+00,0.000000000000000000e+00,0.000000000000000000e+00,0.000000000000000000e+00,0.000000000000000000e+00,-4.603174603174602919e-01,7.630512440926256329e-03,7.330585782172069874e-03,1.103922269963500359e-03,7.023691707869632143e-03,2.613615066349536664e-03,2.860700173535673119e-03,1.171472683440361821e-04,1.347508402444627836e-03,5.196740947209114108e-05,6.076655458197217398e-04,1.659384157623389243e-03,2.649695032448038377e-04,4.623413737296308036e-04,6.577587647580218156e-04,1.201917145101739562e-04,1.722806903351347229e-05,1.915399994194415842e-05,1.049026708804553967e-06,4.527726724648866124e-04,4.746867098328765478e-04,1.988748450762967962e-05,2.290564027697576132e-05,4.154020861449811476e-06,1.101514570760502281e-03,2.067271493939281269e-03,6.662328611860788294e-04,1.520377104383140209e-04,4.673948917513780048e-03,7.723140729623883746e-03,3.536989294364157113e-03,3.547838556703351593e-03,2.002920528936849229e-03,1.138415900699518051e-03
0.000000000000000000e+00,0.000000000000000000e+00,0.000000000000000000e+00,0.000000000000000000e+00,0.000000000000000000e+00,0.000000000000000000e+00,0.000000000000000000e+00,0.000000000000000000e+00,0.000000000000000000e+00,0.000000000000000000e+00,0.000000000000000000e+00,0.000000000000000000e+00,0.000000000000000000e+00,0.000000000000000000e+00,0.000000000000000000e+00,0.000000000000000000e+00,0.000000000000000000e+00,0.000000000000000000e+00,0.000000000000000000e+00,0.000000000000000000e+00,0.000000000000000000e+00,0.000000000000000000e+00,0.000000000000000000e+00,0.000000000000000000e+00,0.000000000000000000e+00,0.000000000000000000e+00,0.000000000000000000e+00,0.000000000000000000e+00,0.000000000000000000e+00,0.000000000000000000e+00,-3.650793650793650591e-01,6.679062897050397005e-03,9.719049993776332714e-04,4.070840397099204262e-03,1.446941113994782780e-03,1.055599866656853000e-03,6.291493639933636787e-05,5.570893992399904380e-04,2.221503556914556989e-05,1.933835198008429545e-04,4.691391161467109916e-04,6.951884597052374309e-05,1.201122166916526767e-04,2.793323773053135403e-04,3.418369471919565126e-05,3.997075859837253967e-06,5.017397739165841401e-06,2.191701813641683074e-07,2.785408591762736645e-04,2.631430709601316757e-04,2.333049141948966379e-05,2.490603774844927579e-05,3.029755507623739234e-06,1.212704887773038672e-03,2.383250525047868849e-03,1.258585229151513735e-03,2.641759895849343526e-04,5.336025292743679441e-03,4.692633628629816478e-03,1.536399283211027471e-03,1.581908718617019765e-03,1.319067667407376049e-03,4.328339888072475967e-04
0.000000000000000000e+00,0.000000000000000000e+00,0.000000000000000000e+00,0.000000000000000000e+00,0.000000000000000000e+00,0.000000000000000000e+00,0.000000000000000000e+00,0.000000000000000000e+00,0.000000000000000000e+00,0.000000000000000000e+00,0.000000000000000000e+00,0.000000000000000000e+00,0.000000000000000000e+00,0.000000000000000000e+00,0.000000000000000000e+00,0.000000000000000000e+00,0.000000000000000000e+00,0.000000000000000000e+00,0.000000000000000000e+00,0.000000000000000000e+00,0.000000000000000000e+00,0.000000000000000000e+00,0.000000000000000000e+00,0.000000000000000000e+00,0.000000000000000000e+00,0.000000000000000000e+00,0.000000000000000000e+00,0.000000000000000000e+00,0.000000000000000000e+00,0.000000000000000000e+00,0.000000000000000000e+00,-7.301587301587301182e-01,2.013382609073942082e-03,1.178126641194067632e-02,5.911534357015559883e-03,2.817975317976190424e-03,1.816190529940956268e-04,1.056480133788270659e-03,3.295449026405963832e-05,4.519306507755751026e-04,9.351432788394071181e-04,8.176461999974984863e-05,1.771666594142509634e-04,9.168090546200239005e-05,2.269301730009757725e-05,5.270791494597112127e-07,5.907693264591101006e-07,1.532780849086471675e-08,9.247550279460073840e-05,5.915361419995666964e-05,3.665040358559617863e-06,5.295463560729965697e-06,5.549923305677163190e-07,1.118015468713554712e-03,1.751513521438677942e-03,6.068891745353277014e-04,1.906681535976858513e-04,2.717543520140989956e-03,4.053704375447840340e-03,1.263195187222437366e-03,1.120737636177082924e-03,4.669896610067343851e-04,1.646672929617237963e-04
0.000000000000000000e+00,0.000000000000000000e+00,0.000000000000000000e+00,0.000000000000000000e+00,0.000000000000000000e+00,0.000000000000000000e+00,0.000000000000000000e+00,0.000000000000000000e+00,0.000000000000000000e+00,0.000000000000000000e+00,0.000000000000000000e+00,0.000000000000000000e+00,0.000000000000000000e+00,0.000000000000000000e+00,0.000000000000000000e+00,0.000000000000000000e+00,0.000000000000000000e+00,0.000000000000000000e+00,0.000000000000000000e+00,0.000000000000000000e+00,0.000000000000000000e+00,0.000000000000000000e+00,0.000000000000000000e+00,0.000000000000000000e+00,0.000000000000000000e+00,0.000000000000000000e+00,0.000000000000000000e+00,0.000000000000000000e+00,0.000000000000000000e+00,0.000000000000000000e+00,0.000000000000000000e+00,0.000000000000000000e+00,-1.111111111111111049e-01,2.447017031866271890e-03,2.011049252525703903e-03,1.475229903052163423e-03,6.523315385670368054e-04,6.687695817991467758e-04,9.387795331605216641e-05,1.836312377374839594e-04,2.775590721742239304e-04,5.300163135697118921e-05,5.242102088830264192e-05,5.215160110482965132e-05,5.228151282639439855e-06,2.890920676418814983e-07,2.470115926299591461e-07,6.398202022540791125e-09,3.378706464934334610e-06,1.909645165814463830e-06,2.045408144768940202e-07,2.911853773949843417e-07,9.485655579767829691e-08,4.387231906232401548e-05,8.603606768527326709e-05,3.396104386328833611e-05,5.743982577818473396e-05,4.454148895893525820e-04,3.551810644468576133e-04,1.635543411217583629e-04,8.621006588627999601e-05,6.404931781301496907e-05,2.043158980115485703e-05
0.000000000000000000e+00,0.000000000000000000e+00,0.000000000000000000e+00,0.000000000000000000e+00,0.000000000000000000e+00,0.000000000000000000e+00,0.000000000000000000e+00,0.000000000000000000e+00,0.000000000000000000e+00,0.000000000000000000e+00,0.000000000000000000e+00,0.000000000000000000e+00,0.000000000000000000e+00,0.000000000000000000e+00,0.000000000000000000e+00,0.000000000000000000e+00,0.000000000000000000e+00,0.000000000000000000e+00,0.000000000000000000e+00,0.000000000000000000e+00,0.000000000000000000e+00,0.000000000000000000e+00,0.000000000000000000e+00,0.000000000000000000e+00,0.000000000000000000e+00,0.000000000000000000e+00,0.000000000000000000e+00,0.000000000000000000e+00,0.000000000000000000e+00,0.000000000000000000e+00,0.000000000000000000e+00,0.000000000000000000e+00,0.000000000000000000e+00,-7.142857142857143016e-01,1.410074059169139429e-02,8.992487988233993298e-03,7.278463409939694810e-04,4.255905152951491681e-03,1.827019740363931388e-04,2.405185966351113067e-03,3.480536379820723704e-03,5.447381733959449695e-04,8.773706818332756415e-04,4.557425359905653822e-04,1.394846409887169603e-04,4.114855747480846065e-06,2.696093921467755925e-06,7.746620947092211917e-08,5.078094335988129853e-05,2.530658622032922188e-05,7.992012807242221637e-07,1.513300608044669408e-06,3.926280361708999203e-07,3.864295667276467275e-04,6.345028567383708979e-04,1.267487819993803032e-04,5.692641671027535261e-05,1.314806141494848785e-03,4.299545145016452075e-03,2.021185817397593183e-03,1.224640196747841473e-03,3.779051372301031977e-04,2.593999409457824461e-04
0.000000000000000000e+00,0.000000000000000000e+00,0.000000000000000000e+00,0.000000000000000000e+00,0.000000000000000000e+00,0.000000000000000000e+00,0.000000000000000000e+00,0.000000000000000000e+00,0.000000000000000000e+00,0.000000000000000000e+00,0.000000000000000000e+00,0.000000000000000000e+00,0.000000000000000000e+00,0.000000000000000000e+00,0.000000000000000000e+00,0.000000000000000000e+00,0.000000000000000000e+00,0.000000000000000000e+00,0.000000000000000000e+00,0.000000000000000000e+00,0.000000000000000000e+00,0.000000000000000000e+00,0.000000000000000000e+00,0.000000000000000000e+00,0.000000000000000000e+00,0.000000000000000000e+00,0.000000000000000000e+00,0.000000000000000000e+00,0.000000000000000000e+00,0.000000000000000000e+00,0.000000000000000000e+00,0.000000000000000000e+00,0.000000000000000000e+00,0.000000000000000000e+00,-7.460317460317460458e-01,1.074947908828653535e-02,1.428621619722228540e-03,6.751468843303039431e-03,2.851073431553291775e-04,4.020265789234907759e-03,4.182219184056665783e-03,7.331813364523879356e-04,1.179520360725121089e-03,4.664394439989346481e-04,1.495062776624369487e-04,3.237447715502472747e-06,1.606909433407190591e-06,4.237136153431647160e-08,6.612878501398481225e-06,3.564503406281238016e-06,4.946426032899696263e-08,1.068121946599630932e-07,4.090126549365934995e-08,4.773462794136492206e-05,1.002778949337218984e-04,1.404401454157992856e-05,1.320044772628148046e-05,3.929899536891294596e-04,1.398214941642080336e-03,1.282730569810030695e-03,5.039109180922204034e-04,1.364329986377678275e-04,1.040986857520883116e-04
0.000000000000000000e+00,0.000000000000000000e+00,0.000000000000000000e+00,0.000000000000000000e+00,0.000000000000000000e+00,0.000000000000000000e+00,0.000000000000000000e+00,0.000000000000000000e+00,0.000000000000000000e+00,0.000000000000000000e+00,0.000000000000000000e+00,0.000000000000000000e+00,0.000000000000000000e+00,0.000000000000000000e+00,0.000000000000000000e+00,0.000000000000000000e+00,0.000000000000000000e+00,0.000000000000000000e+00,0.000000000000000000e+00,0.000000000000000000e+00,0.000000000000000000e+00,0.000000000000000000e+00,0.000000000000000000e+00,0.000000000000000000e+00,0.000000000000000000e+00,0.000000000000000000e+00,0.000000000000000000e+00,0.000000000000000000e+00,0.000000000000000000e+00,0.000000000000000000e+00,0.000000000000000000e+00,0.000000000000000000e+00,0.000000000000000000e+00,0.000000000000000000e+00,0.000000000000000000e+00,-4.920634920634920362e-01,1.483440458748757447e-03,8.703936228345936568e-03,5.815465695385982001e-04,5.275706956965571688e-03,5.614994508847983602e-03,2.032003086759092639e-03,1.936096277267028345e-03,1.200084113738464743e-03,3.236477316245431617e-04,1.494741613450316097e-05,8.484256188963046095e-06,3.336916623991335840e-07,1.631108535050957163e-05,9.199724286986419409e-06,1.369112428333874370e-07,3.259624974076497933e-07,1.251065641282187023e-07,5.089915779623459708e-05,1.008381669711059809e-04,1.368942310219762963e-05,8.036902450934823116e-06,3.313594989817670211e-04,1.266846533669707025e-03,1.837729356903730063e-03,6.112382688694947613e-04,2.661852720762155071e-04,3.148978610693869799e-04
0.000000000000000000e+00,0.000000000000000000e+00,0.000000000000000000e+00,0.000000000000000000e+00,0.000000000000000000e+00,0.000000000000000000e+00,0.000000000000000000e+00,0.000000000000000000e+00,0.000000000000000000e+00,0.000000000000000000e+00,0.000000000000000000e+00,0.000000000000000000e+00,0.000000000000000000e+00,0.000000000000000000e+00,0.000000000000000000e+00,0.000000000000000000e+00,0.000000000000000000e+00,0.000000000000000000e+00,0.000000000000000000e+00,0.000000000000000000e+00,0.000000000000000000e+00,0.000000000000000000e+00,0.000000000000000000e+00,0.000000000000000000e+00,0.000000000000000000e+00,0.000000000000000000e+00,0.000000000000000000e+00,0.000000000000000000e+00,0.000000000000000000e+00,0.000000000000000000e+00,0.000000000000000000e+00,0.000000000000000000e+00,0.000000000000000000e+00,0.000000000000000000e+00,0.000000000000000000e+00,0.000000000000000000e+00,-7.936507936507936067e-02,1.249337912857506920e-03,4.142946389155640653e-04,5.251304450869186645e-04,4.085621990772556121e-04,1.784503126500188580e-04,1.190798056351584822e-04,7.594548898539424137e-05,1.092805056679626525e-05,6.015670507538711803e-07,3.480997556516353221e-07,1.094224547054958274e-08,1.430033963599423701e-07,7.234956522237257176e-08,1.794321323170410769e-09,4.723807200446499256e-09,1.084957509962225284e-08,9.537062967270124470e-07,1.910936355615996714e-06,2.993570344780604086e-07,1.593393203834288147e-06,1.973470148365268431e-05,4.503306684892980759e-05,6.894816363393361039e-05,1.672138679324627436e-05,9.437564938413923552e-06,7.279036580336768678e-06
0.000000000000000000e+00,0.000000000000000000e+00,0.000000000000000000e+00,0.000000000000000000e+00,0.000000000000000000e+00,0.000000000000000000e+00,0.000000000000000000e+00,0.000000000000000000e+00,0.000000000000000000e+00,0.000000000000000000e+00,0.000000000000000000e+00,0.000000000000000000e+00,0.000000000000000000e+00,0.000000000000000000e+00,0.000000000000000000e+00,0.000000000000000000e+00,0.000000000000000000e+00,0.000000000000000000e+00,0.000000000000000000e+00,0.000000000000000000e+00,0.000000000000000000e+00,0.000000000000000000e+00,0.000000000000000000e+00,0.000000000000000000e+00,0.000000000000000000e+00,0.000000000000000000e+00,0.000000000000000000e+00,0.000000000000000000e+00,0.000000000000000000e+00,0.000000000000000000e+00,0.000000000000000000e+00,0.000000000000000000e+00,0.000000000000000000e+00,0.000000000000000000e+00,0.000000000000000000e+00,0.000000000000000000e+00,0.000000000000000000e+00,-4.285714285714285476e-01,9.164882203060354835e-04,8.089950496341629521e-03,7.614887378290987816e-03,4.239740233918979327e-03,3.763766906302099761e-03,2.480080842187995949e-03,8.307821685567945685e-04,6.250395235995253132e-05,3.270093876464676998e-05,1.708946850240637582e-06,1.335198250820714857e-05,1.157418446791999187e-05,9.275953919091668683e-08,2.304694001303005795e-07,3.183747493851038800e-07,2.129048839802171641e-05,3.660647299371590533e-05,4.019644916211413818e-06,2.741804544616681616e-06,1.890716641219171749e-04,7.263135756992360279e-04,2.249591173367433694e-03,8.644271405495372552e-04,3.620068213194960866e-04,5.637521093041521474e-04
0.000000000000000000e+00,0.000000000000000000e+00,0.000000000000000000e+00,0.000000000000000000e+00,0.000000000000000000e+00,0.000000000000000000e+00,0.000000000000000000e+00,0.000000000000000000e+00,0.000000000000000000e+00,0.000000000000000000e+00,0.000000000000000000e+00,0.000000000000000000e+00,0.000000000000000000e+00,0.000000000000000000e+00,0.000000000000000000e+00,0.000000000000000000e+00,0.000000000000000000e+00,0.000000000000000000e+00,0.000000000000000000e+00,0.000000000000000000e+00,0.000000000000000000e+00,0.000000000000000000e+00,0.000000000000000000e+00,0.000000000000000000e+00,0.000000000000000000e+00,0.000000000000000000e+00,0.000000000000000000e+00,0.000000000000000000e+00,0.000000000000000000e+00,0.000000000000000000e+00,0.000000000000000000e+00,0.000000000000000000e+00,0.000000000000000000e+00,0.000000000000000000e+00,0.000000000000000000e+00,0.000000000000000000e+00,0.000000000000000000e+00,0.000000000000000000e+00,-4.761904761904761640e-02,1.052398726531488578e-03,9.234807396716185118e-04,8.324888599121379584e-04,6.266947764326892068e-04,5.106543183678826552e-04,1.937088056035279069e-04,3.642715075263792767e-05,2.692343996003979077e-05,2.986305017128123462e-06,3.536834548786335123e-06,2.346667063123825598e-06,6.865322638361105606e-08,1.755383753118764231e-07,4.510887455943337947e-07,2.804941650704781518e-06,2.832728931178238200e-06,2.903033410021661231e-07,5.709770807228943301e-07,9.054814125381670925e-06,8.812641964673340847e-05,3.342412001908560124e-04,1.300565984776842429e-04,8.286014086100644213e-05,1.222213887520335696e-04
0.000000000000000000e+00,0.000000000000000000e+00,0.000000000000000000e+00,0.000000000000000000e+00,0.000000000000000000e+00,0.000000000000000000e+00,0.000000000000000000e+00,0.000000000000000000e+00,0.000000000000000000e+00,0.000000000000000000e+00,0.000000000000000000e+00,0.000000000000000000e+00,0.000000000000000000e+00,0.000000000000000000e+00,0.000000000000000000e+00,0.000000000000000000e+00,0.000000000000000000e+00,0.000000000000000000e+00,0.000000000000000000e+00,0.000000000000000000e+00,0.000000000000000000e+00,0.000000000000000000e+00,0.000000000000000000e+00,0.000000000000000000e+00,0.000000000000000000e+00,0.000000000000000000e+00,0.000000000000000000e+00,0.000000000000000000e+00,0.000000000000000000e+00,0.000000000000000000e+00,0.000000000000000000e+00,0.000000000000000000e+00,0.000000000000000000e+00,0.000000000000000000e+00,0.000000000000000000e+00,0.000000000000000000e+00,0.000000000000000000e+00,0.000000000000000000e+00,0.000000000000000000e+00,-7.777777777777777901e-01,1.536181013017990510e-02,7.924551885249190089e-03,1.404129621796672452e-02,4.992237516820043422e-03,4.403972160502438518e-03,2.934152730171308708e-04,1.515053463185942926e-04,1.335056025993959466e-05,4.241357299729436273e-05,3.233324920626889893e-05,1.889038629587801356e-07,3.853340519516352175e-07,7.042166157932859457e-07,1.775716229036713902e-05,1.622931471349145624e-05,1.136631458868763818e-06,5.794061615514621986e-07,6.255580510424896149e-05,1.524997551547283914e-03,6.025060199317141402e-03,2.714560650720508703e-03,6.461533334649726540e-04,1.554390915330809307e-03
0.000000000000000000e+00,0.000000000000000000e+00,0.000000000000000000e+00,0.000000000000000000e+00,0.000000000000000000e+00,0.000000000000000000e+00,0.000000000000000000e+00,0.000000000000000000e+00,0.000000000000000000e+00,0.000000000000000000e+00,0.000000000000000000e+00,0.000000000000000000e+00,0.000000000000000000e+00,0.000000000000000000e+00,0.000000000000000000e+00,0.000000000000000000e+00,0.000000000000000000e+00,0.000000000000000000e+00,0.000000000000000000e+00,0.000000000000000000e+00,0.000000000000000000e+00,0.000000000000000000e+00,0.000000000000000000e+00,0.000000000000000000e+00,0.000000000000000000e+00,0.000000000000000000e+00,0.000000000000000000e+00,0.000000000000000000e+00,0.000000000000000000e+00,0.000000000000000000e+00,0.000000000000000000e+00,0.000000000000000000e+00,0.000000000000000000e+00,0.000000000000000000e+00,0.000000000000000000e+00,0.000000000000000000e+00,0.000000000000000000e+00,0.000000000000000000e+00,0.000000000000000000e+00,0.000000000000000000e+00,-6.984126984126983739e-01,7.596995220275576041e-03,1.328524088932721108e-02,6.877206272319393021e-03,5.093937196805612376e-03,4.395769117874986464e-04,2.570498185452302657e-04,2.641116526732065699e-05,2.243676051073496185e-04,1.592606112005681739e-04,1.781030887380822091e-06,2.953109057430395095e-06,3.515612679743778145e-06,6.348715044657411396e-05,6.932806438965723216e-05,6.835633560554292447e-06,1.938670961470680301e-06,2.968950126949199673e-04,4.284984701513070218e-03,1.052430206600956861e-02,5.408068827310039302e-03,1.654466811847286282e-03,3.302465045062277348e-03
0.000000000000000000e+00,0.000000000000000000e+00,0.000000000000000000e+00,0.000000000000000000e+00,0.000000000000000000e+00,0.000000000000000000e+00,0.000000000000000000e+00,0.000000000000000000e+00,0.000000000000000000e+00,0.000000000000000000e+00,0.000000000000000000e+00,0.000000000000000000e+00,0.000000000000000000e+00,0.000000000000000000e+00,0.000000000000000000e+00,0.000000000000000000e+00,0.000000000000000000e+00,0.000000000000000000e+00,0.000000000000000000e+00,0.000000000000000000e+00,0.000000000000000000e+00,0.000000000000000000e+00,0.000000000000000000e+00,0.000000000000000000e+00,0.000000000000000000e+00,0.000000000000000000e+00,0.000000000000000000e+00,0.000000000000000000e+00,0.000000000000000000e+00,0.000000000000000000e+00,0.000000000000000000e+00,0.000000000000000000e+00,0.000000000000000000e+00,0.000000000000000000e+00,0.000000000000000000e+00,0.000000000000000000e+00,0.000000000000000000e+00,0.000000000000000000e+00,0.000000000000000000e+00,0.000000000000000000e+00,0.000000000000000000e+00,-4.126984126984126755e-01,8.606146244210672799e-03,7.126022587269771960e-03,5.144050332455163931e-03,9.612475947253208914e-04,6.190731007357438975e-04,8.801419264375437066e-05,6.316473123026861722e-05,5.598787270272810108e-05,4.518379292149180466e-07,9.791734273980147895e-07,2.939904686298983002e-06,1.332919978828274031e-05,1.348769185258537699e-05,1.027585680215230918e-06,1.758375263793599484e-07,5.478373908421691011e-05,9.366636920441527916e-04,4.022835763057607331e-03,1.972604914246799557e-03,1.022432027497411884e-03,2.419950622231580202e-03
0.000000000000000000e+00,0.000000000000000000e+00,0.000000000000000000e+00,0.000000000000000000e+00,0.000000000000000000e+00,0.000000000000000000e+00,0.000000000000000000e+00,0.000000000000000000e+00,0.000000000000000000e+00,0.000000000000000000e+00,0.000000000000000000e+00,0.000000000000000000e+00,0.000000000000000000e+00,0.000000000000000000e+00,0.000000000000000000e+00,0.000000000000000000e+00,0.000000000000000000e+00,0.000000000000000000e+00,0.000000000000000000e+00,0.000000000000000000e+00,0.000000000000000000e+00,0.000000000000000000e+00,0.000000000000000000e+00,0.000000000000000000e+00,0.000000000000000000e+00,0.000000000000000000e+00,0.000000000000000000e+00,0.000000000000000000e+00,0.000000000000000000e+00,0.000000000000000000e+00,0.000000000000000000e+00,0.000000000000000000e+00,0.000000000000000000e+00,0.000000000000000000e+00,0.000000000000000000e+00,0.000000000000000000e+00,0.000000000000000000e+00,0.000000000000000000e+00,0.000000000000000000e+00,0.000000000000000000e+00,0.000000000000000000e+00,0.000000000000000000e+00,-8.730158730158730229e-01,7.780961893322215113e-03,1.364016332850608026e-02,1.285500162373063747e-03,6.823807575538481116e-04,1.042560439975388472e-04,1.527615231634103083e-04,1.349590592680310550e-04,8.631636682387563260e-07,1.570475433587656816e-06,2.842117584770094945e-06,1.987730942782890627e-05,2.023939764419283897e-05,1.493841914495781721e-06,3.528940339775148761e-07,9.573731283808538774e-05,2.200306309157518559e-03,1.010768843143523485e-02,5.734865912692520100e-03,1.282126332233588916e-03,3.744138544365557559e-03
0.000000000000000000e+00,0.000000000000000000e+00,0.000000000000000000e+00,0.000000000000000000e+00,0.000000000000000000e+00,0.000000000000000000e+00,0.000000000000000000e+00,0.000000000000000000e+00,0.000000000000000000e+00,0.000000000000000000e+00,0.000000000000000000e+00,0.000000000000000000e+00,0.000000000000000000e+00,0.000000000000000000e+00,0.000000000000000000e+00,0.000000000000000000e+00,0.000000000000000000e+00,0.000000000000000000e+00,0.000000000000000000e+00,0.000000000000000000e+00,0.000000000000000000e+00,0.000000000000000000e+00,0.000000000000000000e+00,0.000000000000000000e+00,0.000000000000000000e+00,0.000000000000000000e+00,0.000000000000000000e+00,0.000000000000000000e+00,0.000000000000000000e+00,0.000000000000000000e+00,0.000000000000000000e+00,0.000000000000000000e+00,0.000000000000000000e+00,0.000000000000000000e+00,0.000000000000000000e+00,0.000000000000000000e+00,0.000000000000000000e+00,0.000000000000000000e+00,0.000000000000000000e+00,0.000000000000000000e+00,0.000000000000000000e+00,0.000000000000000000e+00,0.000000000000000000e+00,-3.809523809523809312e-01,6.816354741272555653e-03,1.874380124137946160e-03,1.300603755220094797e-03,2.386685105219969771e-04,4.231619849499875332e-04,3.887141274725768383e-04,6.523877380984815583e-06,1.172514029909086244e-05,1.841878950441164423e-05,6.741806360026737029e-05,6.629195781523492784e-05,9.672544277623274509e-06,1.265138122256578749e-06,2.566729469291857777e-04,2.369462669113273166e-03,7.014672847099399748e-03,4.831218839026001424e-03,3.171792873660260557e-03,6.113140239336354968e-03
0.000000000000000000e+00,0.000000000000000000e+00,0.000000000000000000e+00,0.000000000000000000e+00,0.000000000000000000e+00,0.000000000000000000e+00,0.000000000000000000e+00,0.000000000000000000e+00,0.000000000000000000e+00,0.000000000000000000e+00,0.000000000000000000e+00,0.000000000000000000e+00,0.000000000000000000e+00,0.000000000000000000e+00,0.000000000000000000e+00,0.000000000000000000e+00,0.000000000000000000e+00,0.000000000000000000e+00,0.000000000000000000e+00,0.000000000000000000e+00,0.000000000000000000e+00,0.000000000000000000e+00,0.000000000000000000e+00,0.000000000000000000e+00,0.000000000000000000e+00,0.000000000000000000e+00,0.000000000000000000e+00,0.000000000000000000e+00,0.000000000000000000e+00,0.000000000000000000e+00,0.000000000000000000e+00,0.000000000000000000e+00,0.000000000000000000e+00,0.000000000000000000e+00,0.000000000000000000e+00,0.000000000000000000e+00,0.000000000000000000e+00,0.000000000000000000e+00,0.000000000000000000e+00,0.000000000000000000e+00,0.000000000000000000e+00,0.000000000000000000e+00,0.000000000000000000e+00,0.000000000000000000e+00,-9.523809523809523281e-01,4.480838980881391743e-03,3.049458879847922934e-03,8.210528910790080648e-04,4.844700423436650613e-04,4.295393228474861532e-04,4.168228555142753528e-06,8.456433455584351050e-06,1.136759246470564874e-05,2.235219451725855127e-05,1.947611864480614926e-05,1.258824091562140995e-06,1.066358617223101001e-07,5.033061881124509181e-05,1.329025119340413591e-03,7.056355830538266032e-03,6.877992943533978686e-03,1.647664733259192370e-03,5.464617881257420942e-03
0.000000000000000000e+00,0.000000000000000000e+00,0.000000000000000000e+00,0.000000000000000000e+00,0.000000000000000000e+00,0.000000000000000000e+00,0.000000000000000000e+00,0.000000000000000000e+00,0.000000000000000000e+00,0.000000000000000000e+00,0.000000000000000000e+00,0.000000000000000000e+00,0.000000000000000000e+00,0.000000000000000000e+00,0.000000000000000000e+00,0.000000000000000000e+00,0.000000000000000000e+00,0.000000000000000000e+00,0.000000000000000000e+00,0.000000000000000000e+00,0.000000000000000000e+00,0.000000000000000000e+00,0.000000000000000000e+00,0.000000000000000000e+00,0.000000000000000000e+00,0.000000000000000000e+00,0.000000000000000000e+00,0.000000000000000000e+00,0.000000000000000000e+00,0.000000000000000000e+00,0.000000000000000000e+00,0.000000000000000000e+00,0.000000000000000000e+00,0.000000000000000000e+00,0.000000000000000000e+00,0.000000000000000000e+00,0.000000000000000000e+00,0.000000000000000000e+00,0.000000000000000000e+00,0.000000000000000000e+00,0.000000000000000000e+00,0.000000000000000000e+00,0.000000000000000000e+00,0.000000000000000000e+00,0.000000000000000000e+00,-2.380952380952380820e-01,4.554343564955329673e-03,2.169893714161868093e-03,1.818417208930710367e-04,2.081121895189989531e-04,4.628675973152141752e-06,8.836781413751441949e-06,1.522120063314636658e-05,3.028928048315654892e-06,2.730199379440810875e-06,2.167823049520994760e-07,1.628366538243792458e-08,1.316810048768100172e-05,1.996524736507922584e-04,7.778641266766085118e-04,9.712752986538848938e-04,6.580937780130711795e-04,2.055408724392350679e-03
0.000000000000000000e+00,0.000000000000000000e+00,0.000000000000000000e+00,0.000000000000000000e+00,0.000000000000000000e+00,0.000000000000000000e+00,0.000000000000000000e+00,0.000000000000000000e+00,0.000000000000000000e+00,0.000000000000000000e+00,0.000000000000000000e+00,0.000000000000000000e+00,0.000000000000000000e+00,0.000000000000000000e+00,0.000000000000000000e+00,0.000000000000000000e+00,0.000000000000000000e+00,0.000000000000000000e+00,0.000000000000000000e+00,0.000000000000000000e+00,0.000000000000000000e+00,0.000000000000000000e+00,0.000000000000000000e+00,0.000000000000000000e+00,0.000000000000000000e+00,0.000000000000000000e+00,0.000000000000000000e+00,0.000000000000000000e+00,0.000000000000000000e+00,0.000000000000000000e+00,0.000000000000000000e+00,0.000000000000000000e+00,0.000000000000000000e+00,0.000000000000000000e+00,0.000000000000000000e+00,0.000000000000000000e+00,0.000000000000000000e+00,0.000000000000000000e+00,0.000000000000000000e+00,0.000000000000000000e+00,0.000000000000000000e+00,0.000000000000000000e+00,0.000000000000000000e+00,0.000000000000000000e+00,0.000000000000000000e+00,0.000000000000000000e+00,-2.063492063492063378e-01,3.003394358401046630e-03,4.200013979374156914e-04,3.746888108223807279e-04,1.848946485088006039e-05,3.780120166799772358e-05,6.868817546311731953e-05,1.059253460396349243e-05,9.051186585422815753e-06,8.469653852932302145e-07,3.442333788970528409e-08,1.577190359577324637e-05,2.116756883679109670e-04,7.280943252169075341e-04,9.162545141843360863e-04,8.253929395189029848e-04,2.279944252789131969e-03
0.000000000000000000e+00,0.000000000000000000e+00,0.000000000000000000e+00,0.000000000000000000e+00,0.000000000000000000e+00,0.000000000000000000e+00,0.000000000000000000e+00,0.000000000000000000e+00,0.000000000000000000e+00,0.000000000000000000e+00,0.000000000000000000e+00,0.000000000000000000e+00,0.000000000000000000e+00,0.000000000000000000e+00,0.000000000000000000e+00,0.000000000000000000e+00,0.000000000000000000e+00,0.000000000000000000e+00,0.000000000000000000e+00,0.000000000000000000e+00,0.000000000000000000e+00,0.000000000000000000e+00,0.000000000000000000e+00,0.000000000000000000e+00,0.000000000000000000e+00,0.000000000000000000e+00,0.000000000000000000e+00,0.000000000000000000e+00,0.000000000000000000e+00,0.000000000000000000e+00,0.000000000000000000e+00,0.000000000000000000e+00,0.000000000000000000e+00,0.000000000000000000e+00,0.000000000000000000e+00,0.000000000000000000e+00,0.000000000000000000e+00,0.000000000000000000e+00,0.000000000000000000e+00,0.000000000000000000e+00,0.000000000000000000e+00,0.000000000000000000e+00,0.000000000000000000e+00,0.000000000000000000e+00,0.000000000000000000e+00,0.000000000000000000e+00,0.000000000000000000e+00,-1.587301587301587213e-01,1.373526566149541495e-04,1.317195581765077581e-04,1.077487393397594136e-05,1.847601748777430439e-05,5.428246532841244612e-05,1.537640877443568339e-06,9.848253482160847993e-07,8.933260996105816122e-08,1.718151517372140723e-09,1.140248920017242953e-06,2.416525175440285714e-05,1.170363264464191407e-04,1.699106220735050984e-04,1.723556269571645554e-04,6.175446513730151318e-04
0.000000000000000000e+00,0.000000000000000000e+00,0.000000000000000000e+00,0.000000000000000000e+00,0.000000000000000000e+00,0.000000000000000000e+00,0.000000000000000000e+00,0.000000000000000000e+00,0.000000000000000000e+00,0.000000000000000000e+00,0.000000000000000000e+00,0.000000000000000000e+00,0.000000000000000000e+00,0.000000000000000000e+00,0.000000000000000000e+00,0.000000000000000000e+00,0.000000000000000000e+00,0.000000000000000000e+00,0.000000000000000000e+00,0.000000000000000000e+00,0.000000000000000000e+00,0.000000000000000000e+00,0.000000000000000000e+00,0.000000000000000000e+00,0.000000000000000000e+00,0.000000000000000000e+00,0.000000000000000000e+00,0.000000000000000000e+00,0.000000000000000000e+00,0.000000000000000000e+00,0.000000000000000000e+00,0.000000000000000000e+00,0.000000000000000000e+00,0.000000000000000000e+00,0.000000000000000000e+00,0.000000000000000000e+00,0.000000000000000000e+00,0.000000000000000000e+00,0.000000000000000000e+00,0.000000000000000000e+00,0.000000000000000000e+00,0.000000000000000000e+00,0.000000000000000000e+00,0.000000000000000000e+00,0.000000000000000000e+00,0.000000000000000000e+00,0.000000000000000000e+00,0.000000000000000000e+00,-5.873015873015873245e-01,1.142389760443709296e-02,2.602714621528274923e-03,3.245087375214508567e-03,1.145990196333729816e-03,4.772099873573926870e-03,4.556245753569018384e-03,1.150332219970331233e-03,9.491307414962578488e-06,6.098688731760928006e-04,2.929831691643446003e-03,2.706354188352565106e-03,4.111990793234419385e-03,4.375761013641449662e-03,4.016597104630842408e-03
0.000000000000000000e+00,0.000000000000000000e+00,0.000000000000000000e+00,0.000000000000000000e+00,0.000000000000000000e+00,0.000000000000000000e+00,0.000000000000000000e+00,0.000000000000000000e+00,0.000000000000000000e+00,0.000000000000000000e+00,0.000000000000000000e+00,0.000000000000000000e+00,0.000000000000000000e+00,0.000000000000000000e+00,0.000000000000000000e+00,0.000000000000000000e+00,0.000000000000000000e+00,0.000000000000000000e+00,0.000000000000000000e+00,0.000000000000000000e+00,0.000000000000000000e+00,0.000000000000000000e+00,0.000000000000000000e+00,0.000000000000000000e+00,0.000000000000000000e+00,0.000000000000000000e+00,0.000000000000000000e+00,0.000000000000000000e+00,0.000000000000000000e+00,0.000000000000000000e+00,0.000000000000000000e+00,0.000000000000000000e+00,0.000000000000000000e+00,0.000000000000000000e+00,0.000000000000000000e+00,0.000000000000000000e+00,0.000000000000000000e+00,0.000000000000000000e+00,0.000000000000000000e+00,0.000000000000000000e+00,0.000000000000000000e+00,0.000000000000000000e+00,0.000000000000000000e+00,0.000000000000000000e+00,0.000000000000000000e+00,0.000000000000000000e+00,0.000000000000000000e+00,0.000000000000000000e+00,0.000000000000000000e+00,-5.238095238095238360e-01,1.943612017322401487e-03,2.055329037205666769e-03,5.852590043964634196e-04,1.683184630304677921e-03,1.908915531188451475e-03,5.146438876129281028e-04,7.119357198455515611e-06,6.010817832761283655e-04,2.631397267377771996e-03,2.165291850092185624e-03,4.202701102243235239e-03,3.723445962425604196e-03,3.887958623486241754e-03
0.000000000000000000e+00,0.000000000000000000e+00,0.000000000000000000e+00,0.000000000000000000e+00,0.000000000000000000e+00,0.000000000000000000e+00,0.000000000000000000e+00,0.000000000000000000e+00,0.000000000000000000e+00,0.000000000000000000e+00,0.000000000000000000e+00,0.000000000000000000e+00,0.000000000000000000e+00,0.000000000000000000e+00,0.000000000000000000e+00,0.000000000000000000e+00,0.000000000000000000e+00,0.000000000000000000e+00,0.000000000000000000e+00,0.000000000000000000e+00,0.000000000000000000e+00,0.000000000000000000e+00,0.000000000000000000e+00,0.000000000000000000e+00,0.000000000000000000e+00,0.000000000000000000e+00,0.000000000000000000e+00,0.000000000000000000e+00,0.000000000000000000e+00,0.000000000000000000e+00,0.000000000000000000e+00,0.000000000000000000e+00,0.000000000000000000e+00,0.000000000000000000e+00,0.000000000000000000e+00,0.000000000000000000e+00,0.000000000000000000e+00,0.000000000000000000e+00,0.000000000000000000e+00,0.000000000000000000e+00,0.000000000000000000e+00,0.000000000000000000e+00,0.000000000000000000e+00,0.000000000000000000e+00,0.000000000000000000e+00,0.000000000000000000e+00,0.000000000000000000e+00,0.000000000000000000e+00,0.000000000000000000e+00,0.000000000000000000e+00,-1.746031746031745935e-01,3.869391619109439732e-03,9.321494260602914946e-04,9.113478829211057617e-04,7.311713464204338663e-04,6.295275928730510598e-04,3.690541927032803694e-06,9.605223325204489775e-05,1.204447540252972523e-04,6.777892926276946300e-05,1.493864383700697321e-04,3.502434992429354316e-04,1.427133853563545337e-04
0.000000000000000000e+00,0.000000000000000000e+00,0.000000000000000000e+00,0.000000000000000000e+00,0.000000000000000000e+00,0.000000000000000000e+00,0.000000000000000000e+00,0.000000000000000000e+00,0.000000000000000000e+00,0.000000000000000000e+00,0.000000000000000000e+00,0.000000000000000000e+00,0.000000000000000000e+00,0.000000000000000000e+00,0.000000000000000000e+00,0.000000000000000000e+00,0.000000000000000000e+00,0.000000000000000000e+00,0.000000000000000000e+00,0.000000000000000000e+00,0.000000000000000000e+00,0.000000000000000000e+00,0.000000000000000000e+00,0.000000000000000000e+00,0.000000000000000000e+00,0.000000000000000000e+00,0.000000000000000000e+00,0.000000000000000000e+00,0.000000000000000000e+00,0.000000000000000000e+00,0.000000000000000000e+00,0.000000000000000000e+00,0.000000000000000000e+00,0.000000000000000000e+00,0.000000000000000000e+00,0.000000000000000000e+00,0.000000000000000000e+00,0.000000000000000000e+00,0.000000000000000000e+00,0.000000000000000000e+00,0.000000000000000000e+00,0.000000000000000000e+00,0.000000000000000000e+00,0.000000000000000000e+00,0.000000000000000000e+00,0.000000000000000000e+00,0.000000000000000000e+00,0.000000000000000000e+00,0.000000000000000000e+00,0.000000000000000000e+00,0.000000000000000000e+00,-2.222222222222222099e-01,1.473797017215955655e-03,1.564966052042066937e-03,8.918918404335503518e-04,7.503562792758180578e-04,3.096129681398693199e-06,9.860012924206983001e-05,1.542970498742389789e-04,1.108752213443796721e-04,2.207656079296869695e-04,5.276155220328544943e-04,2.544238833969408712e-04
0.000000000000000000e+00,0.000000000000000000e+00,0.000000000000000000e+00,0.000000000000000000e+00,0.000000000000000000e+00,0.000000000000000000e+00,0.000000000000000000e+00,0.000000000000000000e+00,0.000000000000000000e+00,0.000000000000000000e+00,0.000000000000000000e+00,0.000000000000000000e+00,0.000000000000000000e+00,0.000000000000000000e+00,0.000000000000000000e+00,0.000000000000000000e+00,0.000000000000000000e+00,0.000000000000000000e+00,0.000000000000000000e+00,0.000000000000000000e+00,0.000000000000000000e+00,0.000000000000000000e+00,0.000000000000000000e+00,0.000000000000000000e+00,0.000000000000000000e+00,0.000000000000000000e+00,0.000000000000000000e+00,0.000000000000000000e+00,0.000000000000000000e+00,0.000000000000000000e+00,0.000000000000000000e+00,0.000000000000000000e+00,0.000000000000000000e+00,0.000000000000000000e+00,0.000000000000000000e+00,0.000000000000000000e+00,0.000000000000000000e+00,0.000000000000000000e+00,0.000000000000000000e+00,0.000000000000000000e+00,0.000000000000000000e+00,0.000000000000000000e+00,0.000000000000000000e+00,0.000000000000000000e+00,0.000000000000000000e+00,0.000000000000000000e+00,0.000000000000000000e+00,0.000000000000000000e+00,0.000000000000000000e+00,0.000000000000000000e+00,0.000000000000000000e+00,0.000000000000000000e+00,-9.523809523809523281e-02,3.637524019326480356e-04,2.063577004725416272e-04,9.316817207820403488e-05,6.880432085478639302e-07,1.208856140802763906e-05,5.826759389578934798e-05,7.824554291519024256e-05,1.209858839181956309e-04,2.315890200181456779e-04,2.292563055854471125e-04
0.000000000000000000e+00,0.000000000000000000e+00,0.000000000000000000e+00,0.000000000000000000e+00,0.000000000000000000e+00,0.000000000000000000e+00,0.000000000000000000e+00,0.000000000000000000e+00,0.000000000000000000e+00,0.000000000000000000e+00,0.000000000000000000e+00,0.000000000000000000e+00,0.000000000000000000e+00,0.000000000000000000e+00,0.000000000000000000e+00,0.000000000000000000e+00,0.000000000000000000e+00,0.000000000000000000e+00,0.000000000000000000e+00,0.000000000000000000e+00,0.000000000000000000e+00,0.000000000000000000e+00,0.000000000000000000e+00,0.000000000000000000e+00,0.000000000000000000e+00,0.000000000000000000e+00,0.000000000000000000e+00,0.000000000000000000e+00,0.000000000000000000e+00,0.000000000000000000e+00,0.000000000000000000e+00,0.000000000000000000e+00,0.000000000000000000e+00,0.000000000000000000e+00,0.000000000000000000e+00,0.000000000000000000e+00,0.000000000000000000e+00,0.000000000000000000e+00,0.000000000000000000e+00,0.000000000000000000e+00,0.000000000000000000e+00,0.000000000000000000e+00,0.000000000000000000e+00,0.000000000000000000e+00,0.000000000000000000e+00,0.000000000000000000e+00,0.000000000000000000e+00,0.000000000000000000e+00,0.000000000000000000e+00,0.000000000000000000e+00,0.000000000000000000e+00,0.000000000000000000e+00,0.000000000000000000e+00,-6.190476190476190688e-01,1.173303735543171702e-02,5.652280902932663512e-03,8.468679425730968389e-05,1.507432516946062085e-03,2.196080984147366025e-03,9.046622824845702198e-04,1.407534401576294135e-03,1.725271016689366261e-03,6.188677266410612821e-04
0.000000000000000000e+00,0.000000000000000000e+00,0.000000000000000000e+00,0.000000000000000000e+00,0.000000000000000000e+00,0.000000000000000000e+00,0.000000000000000000e+00,0.000000000000000000e+00,0.000000000000000000e+00,0.000000000000000000e+00,0.000000000000000000e+00,0.000000000000000000e+00,0.000000000000000000e+00,0.000000000000000000e+00,0.000000000000000000e+00,0.000000000000000000e+00,0.000000000000000000e+00,0.000000000000000000e+00,0.000000000000000000e+00,0.000000000000000000e+00,0.000000000000000000e+00,0.000000000000000000e+00,0.000000000000000000e+00,0.000000000000000000e+00,0.000000000000000000e+00,0.000000000000000000e+00,0.000000000000000000e+00,0.000000000000000000e+00,0.000000000000000000e+00,0.000000000000000000e+00,0.000000000000000000e+00,0.000000000000000000e+00,0.000000000000000000e+00,0.000000000000000000e+00,0.000000000000000000e+00,0.000000000000000000e+00,0.000000000000000000e+00,0.000000000000000000e+00,0.000000000000000000e+00,0.000000000000000000e+00,0.000000000000000000e+00,0.000000000000000000e+00,0.000000000000000000e+00,0.000000000000000000e+00,0.000000000000000000e+00,0.000000000000000000e+00,0.000000000000000000e+00,0.000000000000000000e+00,0.000000000000000000e+00,0.000000000000000000e+00,0.000000000000000000e+00,0.000000000000000000e+00,0.000000000000000000e+00,0.000000000000000000e+00,-5.396825396825396526e-01,6.262902664750480235e-03,1.409988937683352012e-04,2.803614314685536155e-03,3.282890896048300342e-03,8.819390222260199480e-04,1.365120448809769346e-03,1.749368737309563290e-03,6.175196124329808151e-04
0.000000000000000000e+00,0.000000000000000000e+00,0.000000000000000000e+00,0.000000000000000000e+00,0.000000000000000000e+00,0.000000000000000000e+00,0.000000000000000000e+00,0.000000000000000000e+00,0.000000000000000000e+00,0.000000000000000000e+00,0.000000000000000000e+00,0.000000000000000000e+00,0.000000000000000000e+00,0.000000000000000000e+00,0.000000000000000000e+00,0.000000000000000000e+00,0.000000000000000000e+00,0.000000000000000000e+00,0.000000000000000000e+00,0.000000000000000000e+00,0.000000000000000000e+00,0.000000000000000000e+00,0.000000000000000000e+00,0.000000000000000000e+00,0.000000000000000000e+00,0.000000000000000000e+00,0.000000000000000000e+00,0.000000000000000000e+00,0.000000000000000000e+00,0.000000000000000000e+00,0.000000000000000000e+00,0.000000000000000000e+00,0.000000000000000000e+00,0.000000000000000000e+00,0.000000000000000000e+00,0.000000000000000000e+00,0.000000000000000000e+00,0.000000000000000000e+00,0.000000000000000000e+00,0.000000000000000000e+00,0.000000000000000000e+00,0.000000000000000000e+00,0.000000000000000000e+00,0.000000000000000000e+00,0.000000000000000000e+00,0.000000000000000000e+00,0.000000000000000000e+00,0.000000000000000000e+00,0.000000000000000000e+00,0.000000000000000000e+00,0.000000000000000000e+00,0.000000000000000000e+00,0.000000000000000000e+00,0.000000000000000000e+00,0.000000000000000000e+00,-3.174603174603174427e-01,1.451003844225438768e-04,1.735529912184497403e-03,8.142691567706324520e-04,1.712118478227392035e-04,2.749337870701732962e-04,4.574929720408268887e-04,7.583627181380442578e-05
0.000000000000000000e+00,0.000000000000000000e+00,0.000000000000000000e+00,0.000000000000000000e+00,0.000000000000000000e+00,0.000000000000000000e+00,0.000000000000000000e+00,0.000000000000000000e+00,0.000000000000000000e+00,0.000000000000000000e+00,0.000000000000000000e+00,0.000000000000000000e+00,0.000000000000000000e+00,0.000000000000000000e+00,0.000000000000000000e+00,0.000000000000000000e+00,0.000000000000000000e+00,0.000000000000000000e+00,0.000000000000000000e+00,0.000000000000000000e+00,0.000000000000000000e+00,0.000000000000000000e+00,0.000000000000000000e+00,0.000000000000000000e+00,0.000000000000000000e+00,0.000000000000000000e+00,0.000000000000000000e+00,0.000000000000000000e+00,0.000000000000000000e+00,0.000000000000000000e+00,0.000000000000000000e+00,0.000000000000000000e+00,0.000000000000000000e+00,0.000000000000000000e+00,0.000000000000000000e+00,0.000000000000000000e+00,0.000000000000000000e+00,0.000000000000000000e+00,0.000000000000000000e+00,0.000000000000000000e+00,0.000000000000000000e+00,0.000000000000000000e+00,0.000000000000000000e+00,0.000000000000000000e+00,0.000000000000000000e+00,0.000000000000000000e+00,0.000000000000000000e+00,0.000000000000000000e+00,0.000000000000000000e+00,0.000000000000000000e+00,0.000000000000000000e+00,0.000000000000000000e+00,0.000000000000000000e+00,0.000000000000000000e+00,0.000000000000000000e+00,0.000000000000000000e+00,-1.587301587301587213e-02,2.596270099829862932e-04,7.767887034195085035e-05,1.543834435110392640e-05,1.863670333730375146e-05,2.018305395206480371e-05,3.880352475544985041e-06
0.000000000000000000e+00,0.000000000000000000e+00,0.000000000000000000e+00,0.000000000000000000e+00,0.000000000000000000e+00,0.000000000000000000e+00,0.000000000000000000e+00,0.000000000000000000e+00,0.000000000000000000e+00,0.000000000000000000e+00,0.000000000000000000e+00,0.000000000000000000e+00,0.000000000000000000e+00,0.000000000000000000e+00,0.000000000000000000e+00,0.000000000000000000e+00,0.000000000000000000e+00,0.000000000000000000e+00,0.000000000000000000e+00,0.000000000000000000e+00,0.000000000000000000e+00,0.000000000000000000e+00,0.000000000000000000e+00,0.000000000000000000e+00,0.000000000000000000e+00,0.000000000000000000e+00,0.000000000000000000e+00,0.000000000000000000e+00,0.000000000000000000e+00,0.000000000000000000e+00,0.000000000000000000e+00,0.000000000000000000e+00,0.000000000000000000e+00,0.000000000000000000e+00,0.000000000000000000e+00,0.000000000000000000e+00,0.000000000000000000e+00,0.000000000000000000e+00,0.000000000000000000e+00,0.000000000000000000e+00,0.000000000000000000e+00,0.000000000000000000e+00,0.000000000000000000e+00,0.000000000000000000e+00,0.000000000000000000e+00,0.000000000000000000e+00,0.000000000000000000e+00,0.000000000000000000e+00,0.000000000000000000e+00,0.000000000000000000e+00,0.000000000000000000e+00,0.000000000000000000e+00,0.000000000000000000e+00,0.000000000000000000e+00,0.000000000000000000e+00,0.000000000000000000e+00,0.000000000000000000e+00,-2.539682539682539542e-01,4.117863674338059603e-03,1.408019261511845102e-03,1.760626063562673732e-03,1.640948589771708179e-03,5.922913389432010864e-04
0.000000000000000000e+00,0.000000000000000000e+00,0.000000000000000000e+00,0.000000000000000000e+00,0.000000000000000000e+00,0.000000000000000000e+00,0.000000000000000000e+00,0.000000000000000000e+00,0.000000000000000000e+00,0.000000000000000000e+00,0.000000000000000000e+00,0.000000000000000000e+00,0.000000000000000000e+00,0.000000000000000000e+00,0.000000000000000000e+00,0.000000000000000000e+00,0.000000000000000000e+00,0.000000000000000000e+00,0.000000000000000000e+00,0.000000000000000000e+00,0.000000000000000000e+00,0.000000000000000000e+00,0.000000000000000000e+00,0.000000000000000000e+00,0.000000000000000000e+00,0.000000000000000000e+00,0.000000000000000000e+00,0.000000000000000000e+00,0.000000000000000000e+00,0.000000000000000000e+00,0.000000000000000000e+00,0.000000000000000000e+00,0.000000000000000000e+00,0.000000000000000000e+00,0.000000000000000000e+00,0.000000000000000000e+00,0.000000000000000000e+00,0.000000000000000000e+00,0.000000000000000000e+00,0.000000000000000000e+00,0.000000000000000000e+00,0.000000000000000000e+00,0.000000000000000000e+00,0.000000000000000000e+00,0.000000000000000000e+00,0.000000000000000000e+00,0.000000000000000000e+00,0.000000000000000000e+00,0.000000000000000000e+00,0.000000000000000000e+00,0.000000000000000000e+00,0.000000000000000000e+00,0.000000000000000000e+00,0.000000000000000000e+00,0.000000000000000000e+00,0.000000000000000000e+00,0.000000000000000000e+00,0.000000000000000000e+00,-6.825396825396825573e-01,1.193906884952804053e-02,1.289894903427042487e-02,6.283641949542427725e-03,5.099054363364202876e-03
0.000000000000000000e+00,0.000000000000000000e+00,0.000000000000000000e+00,0.000000000000000000e+00,0.000000000000000000e+00,0.000000000000000000e+00,0.000000000000000000e+00,0.000000000000000000e+00,0.000000000000000000e+00,0.000000000000000000e+00,0.000000000000000000e+00,0.000000000000000000e+00,0.000000000000000000e+00,0.000000000000000000e+00,0.000000000000000000e+00,0.000000000000000000e+00,0.000000000000000000e+00,0.000000000000000000e+00,0.000000000000000000e+00,0.000000000000000000e+00,0.000000000000000000e+00,0.000000000000000000e+00,0.000000000000000000e+00,0.000000000000000000e+00,0.000000000000000000e+00,0.000000000000000000e+00,0.000000000000000000e+00,0.000000000000000000e+00,0.000000000000000000e+00,0.000000000000000000e+00,0.000000000000000000e+00,0.000000000000000000e+00,0.000000000000000000e+00,0.000000000000000000e+00,0.000000000000000000e+00,0.000000000000000000e+00,0.000000000000000000e+00,0.000000000000000000e+00,0.000000000000000000e+00,0.000000000000000000e+00,0.000000000000000000e+00,0.000000000000000000e+00,0.000000000000000000e+00,0.000000000000000000e+00,0.000000000000000000e+00,0.000000000000000000e+00,0.000000000000000000e+00,0.000000000000000000e+00,0.000000000000000000e+00,0.000000000000000000e+00,0.000000000000000000e+00,0.000000000000000000e+00,0.000000000000000000e+00,0.000000000000000000e+00,0.000000000000000000e+00,0.000000000000000000e+00,0.000000000000000000e+00,0.000000000000000000e+00,0.000000000000000000e+00,-8.412698412698412787e-01,1.836339958941963016e-02,6.474375259830206057e-03,9.139251456132790538e-03
0.000000000000000000e+00,0.000000000000000000e+00,0.000000000000000000e+00,0.000000000000000000e+00,0.000000000000000000e+00,0.000000000000000000e+00,0.000000000000000000e+00,0.000000000000000000e+00,0.000000000000000000e+00,0.000000000000000000e+00,0.000000000000000000e+00,0.000000000000000000e+00,0.000000000000000000e+00,0.000000000000000000e+00,0.000000000000000000e+00,0.000000000000000000e+00,0.000000000000000000e+00,0.000000000000000000e+00,0.000000000000000000e+00,0.000000000000000000e+00,0.000000000000000000e+00,0.000000000000000000e+00,0.000000000000000000e+00,0.000000000000000000e+00,0.000000000000000000e+00,0.000000000000000000e+00,0.000000000000000000e+00,0.000000000000000000e+00,0.000000000000000000e+00,0.000000000000000000e+00,0.000000000000000000e+00,0.000000000000000000e+00,0.000000000000000000e+00,0.000000000000000000e+00,0.000000000000000000e+00,0.000000000000000000e+00,0.000000000000000000e+00,0.000000000000000000e+00,0.000000000000000000e+00,0.000000000000000000e+00,0.000000000000000000e+00,0.000000000000000000e+00,0.000000000000000000e+00,0.000000000000000000e+00,0.000000000000000000e+00,0.000000000000000000e+00,0.000000000000000000e+00,0.000000000000000000e+00,0.000000000000000000e+00,0.000000000000000000e+00,0.000000000000000000e+00,0.000000000000000000e+00,0.000000000000000000e+00,0.000000000000000000e+00,0.000000000000000000e+00,0.000000000000000000e+00,0.000000000000000000e+00,0.000000000000000000e+00,0.000000000000000000e+00,0.000000000000000000e+00,-9.365079365079365115e-01,7.742656420671663840e-03,1.006468391979133820e-02
0.000000000000000000e+00,0.000000000000000000e+00,0.000000000000000000e+00,0.000000000000000000e+00,0.000000000000000000e+00,0.000000000000000000e+00,0.000000000000000000e+00,0.000000000000000000e+00,0.000000000000000000e+00,0.000000000000000000e+00,0.000000000000000000e+00,0.000000000000000000e+00,0.000000000000000000e+00,0.000000000000000000e+00,0.000000000000000000e+00,0.000000000000000000e+00,0.000000000000000000e+00,0.000000000000000000e+00,0.000000000000000000e+00,0.000000000000000000e+00,0.000000000000000000e+00,0.000000000000000000e+00,0.000000000000000000e+00,0.000000000000000000e+00,0.000000000000000000e+00,0.000000000000000000e+00,0.000000000000000000e+00,0.000000000000000000e+00,0.000000000000000000e+00,0.000000000000000000e+00,0.000000000000000000e+00,0.000000000000000000e+00,0.000000000000000000e+00,0.000000000000000000e+00,0.000000000000000000e+00,0.000000000000000000e+00,0.000000000000000000e+00,0.000000000000000000e+00,0.000000000000000000e+00,0.000000000000000000e+00,0.000000000000000000e+00,0.000000000000000000e+00,0.000000000000000000e+00,0.000000000000000000e+00,0.000000000000000000e+00,0.000000000000000000e+00,0.000000000000000000e+00,0.000000000000000000e+00,0.000000000000000000e+00,0.000000000000000000e+00,0.000000000000000000e+00,0.000000000000000000e+00,0.000000000000000000e+00,0.000000000000000000e+00,0.000000000000000000e+00,0.000000000000000000e+00,0.000000000000000000e+00,0.000000000000000000e+00,0.000000000000000000e+00,0.000000000000000000e+00,0.000000000000000000e+00,-3.492063492063491870e-01,6.619581893625335438e-03
0.000000000000000000e+00,0.000000000000000000e+00,0.000000000000000000e+00,0.000000000000000000e+00,0.000000000000000000e+00,0.000000000000000000e+00,0.000000000000000000e+00,0.000000000000000000e+00,0.000000000000000000e+00,0.000000000000000000e+00,0.000000000000000000e+00,0.000000000000000000e+00,0.000000000000000000e+00,0.000000000000000000e+00,0.000000000000000000e+00,0.000000000000000000e+00,0.000000000000000000e+00,0.000000000000000000e+00,0.000000000000000000e+00,0.000000000000000000e+00,0.000000000000000000e+00,0.000000000000000000e+00,0.000000000000000000e+00,0.000000000000000000e+00,0.000000000000000000e+00,0.000000000000000000e+00,0.000000000000000000e+00,0.000000000000000000e+00,0.000000000000000000e+00,0.000000000000000000e+00,0.000000000000000000e+00,0.000000000000000000e+00,0.000000000000000000e+00,0.000000000000000000e+00,0.000000000000000000e+00,0.000000000000000000e+00,0.000000000000000000e+00,0.000000000000000000e+00,0.000000000000000000e+00,0.000000000000000000e+00,0.000000000000000000e+00,0.000000000000000000e+00,0.000000000000000000e+00,0.000000000000000000e+00,0.000000000000000000e+00,0.000000000000000000e+00,0.000000000000000000e+00,0.000000000000000000e+00,0.000000000000000000e+00,0.000000000000000000e+00,0.000000000000000000e+00,0.000000000000000000e+00,0.000000000000000000e+00,0.000000000000000000e+00,0.000000000000000000e+00,0.000000000000000000e+00,0.000000000000000000e+00,0.000000000000000000e+00,0.000000000000000000e+00,0.000000000000000000e+00,0.000000000000000000e+00,0.000000000000000000e+00,-5.079365079365079083e-01
