-1.499999999999999944e-01,2.159557707947287915e-03,2.466479789181384458e-03,7.286123888419470404e-04,5.256873975223448452e-04,2.778021622795937961e-04,2.154579604300322238e-04,3.263644219355504443e-05,4.713835329475054594e-05,4.770824954530484175e-05,1.671888992880220053e-04,1.550530688307791510e-04,1.206454956784248949e-04,7.073040542045572546e-04,6.234719957015308909e-04,1.201064591366176601e-04,2.048256556801985765e-05,2.209256348229739699e-05,6.020498266683559249e-07,5.074818933860575373e-06
0.000000000000000000e+00,-1.000000000000000056e-01,2.080730124101953359e-03,7.655736174229937777e-04,6.645524325899135462e-04,2.909716284381679355e-04,2.123357893883888762e-04,5.110137284308722562e-05,4.014756624633488943e-05,2.458386430178112044e-05,2.966730871431596760e-05,5.214215244433438758e-05,4.287320189931030710e-05,1.275936149163761017e-04,1.520732069053883496e-04,2.237291316211066042e-04,2.521122375440768511e-05,7.994041081726718141e-06,1.591359465789184351e-06,8.156218962119616200e-06
0.000000000000000000e+00,0.000000000000000000e+00,-5.500000000000000444e-01,3.423277028095839634e-03,8.449973473561439574e-03,4.189955290694899123e-03,3.908295107266839506e-03,6.212289708814724759e-04,9.605121479670872134e-04,3.797210961329488968e-04,9.012280531414325639e-04,1.201243248510374013e-03,3.065711813036446669e-05,5.798863333894074953e-04,2.596111478672837166e-04,5.250684367563052297e-04,1.221994002080154093e-04,3.608028119519885330e-05,9.043337401510093327e-05,4.445986822312010989e-05
0.000000000000000000e+00,0.000000000000000000e+00,0.000000000000000000e+00,-2.000000000000000111e-01,4.436898755269963641e-03,3.481500822124933454e-03,2.932256967375905781e-03,2.173094612696502455e-03,1.091815477922395122e-03,5.437604388889155649e-04,6.394538129875283229e-04,8.087934863511603333e-04,3.629453053712383757e-05,2.313217179060507586e-04,3.792864771121550686e-05,1.174856773937721149e-04,5.482071925806562742e-04,1.211377118341470900e-04,5.082078852962642430e-04,1.625082679757338712e-04
0.000000000000000000e+00,0.000000000000000000e+00,0.000000000000000000e+00,0.000000000000000000e+00,-8.000000000000000444e-01,1.106583952525186203e-02,1.320005595778306166e-02,4.088193528970092069e-03,5.138957902713462561e-03,1.893195928249549135e-03,2.960594852672001568e-03,3.822799020555771917e-03,4.497475738021470344e-05,7.195619485493263967e-04,1.429311869805865900e-04,9.447840807845492425e-05,5.319843526583782102e-03,8.763684739568635383e-04,1.952180387172466154e-03,2.633179694684546247e-04
0.000000000000000000e+00,0.000000000000000000e+00,0.000000000000000000e+00,0.000000000000000000e+00,0.000000000000000000e+00,-6.500000000000000222e-01,1.397172415320229767e-02,3.807243728301283516e-03,9.920110307413491577e-03,3.688992749616018443e-03,4.067946343714390518e-03,3.749953789929782056e-03,7.834752414297686493e-05,8.167820884291456798e-04,2.640658873971576687e-04,2.654829492926670878e-04,1.402964918506145091e-03,9.052036591958978863e-04,1.351583440687536544e-03,4.186941596093345379e-04
0.000000000000000000e+00,0.000000000000000000e+00,0.000000000000000000e+00,0.000000000000000000e+00,0.000000000000000000e+00,0.000000000000000000e+00,-9.499999999999999556e-01,4.355228140273434412e-03,1.316474787533170911e-02,6.376869207715843077e-03,1.390819713186366297e-02,1.242221125292038500e-02,2.696714380977748276e-04,3.845261472896831061e-03,1.645100390275229486e-03,1.705477230624060812e-03,3.766960699614820256e-03,2.471812088936012515e-03,2.462477017232593199e-03,1.357302152254937508e-03
0.000000000000000000e+00,0.000000000000000000e+00,0.000000000000000000e+00,0.000000000000000000e+00,0.000000000000000000e+00,0.000000000000000000e+00,0.000000000000000000e+00,-2.500000000000000000e-01,3.465238360069143164e-03,2.100716566854390985e-03,1.098516185988880883e-03,1.423682145276543732e-03,6.276465124789248440e-05,4.502180304228144462e-04,1.900807696109917664e-04,1.071205452415665898e-03,3.767175103498420548e-03,1.940809271487283546e-03,3.920082396343589105e-03,1.741783036886968093e-03
0.000000000000000000e+00,0.000000000000000000e+00,0.000000000000000000e+00,0.000000000000000000e+00,0.000000000000000000e+00,0.000000000000000000e+00,0.000000000000000000e+00,0.000000000000000000e+00,-8.499999999999999778e-01,1.170222715997163918e-02,9.860187524648605234e-03,7.563957084317245519e-03,2.252722825634804202e-04,1.886845116582559420e-03,8.452251180317933363e-04,5.235155852218347557e-04,1.848215380528597188e-03,1.717143348985841929e-03,2.156458445519412580e-03,2.094265527629670092e-03
0.000000000000000000e+00,0.000000000000000000e+00,0.000000000000000000e+00,0.000000000000000000e+00,0.000000000000000000e+00,0.000000000000000000e+00,0.000000000000000000e+00,0.000000000000000000e+00,0.000000000000000000e+00,-5.999999999999999778e-01,9.836248659213276541e-03,7.845797076477253190e-03,4.011628302194133371e-04,3.174653752832107354e-03,2.056743724939547394e-03,4.978748757182939249e-04,1.361800246072267630e-03,2.036911137535288470e-03,2.185487893062904724e-03,2.880956892745539875e-03
0.000000000000000000e+00,0.000000000000000000e+00,0.000000000000000000e+00,0.000000000000000000e+00,0.000000000000000000e+00,0.000000000000000000e+00,0.000000000000000000e+00,0.000000000000000000e+00,0.000000000000000000e+00,0.000000000000000000e+00,-1.000000000000000000e+00,1.577193589096735279e-02,8.320925449154808898e-04,8.222784821215226372e-03,5.663185440226393801e-03,2.940026691873922401e-03,1.073121748403656987e-03,2.165877131947655573e-03,8.120280030706785975e-04,1.364218604674466906e-03
0.000000000000000000e+00,0.000000000000000000e+00,0.000000000000000000e+00,0.000000000000000000e+00,0.000000000000000000e+00,0.000000000000000000e+00,0.000000000000000000e+00,0.000000000000000000e+00,0.000000000000000000e+00,0.000000000000000000e+00,0.000000000000000000e+00,-7.500000000000000000e-01,7.846480415104085948e-04,8.106368627376046160e-03,7.575380270117750697e-03,6.240405400167334249e-03,3.337543824916883606e-03,5.596337023566087289e-03,1.599061197577375396e-03,2.216894454730037548e-03
0.000000000000000000e+00,0.000000000000000000e+00,0.000000000000000000e+00,0.000000000000000000e+00,0.000000000000000000e+00,0.000000000000000000e+00,0.000000000000000000e+00,0.000000000000000000e+00,0.000000000000000000e+00,0.000000000000000000e+00,0.000000000000000000e+00,0.000000000000000000e+00,-5.000000000000000278e-02,1.103369448889221895e-03,8.187954683628030595e-04,1.622451660551580029e-04,3.519143150589361396e-05,1.833812895898611901e-04,4.233615084999085360e-05,1.615297831680079753e-04
0.000000000000000000e+00,0.000000000000000000e+00,0.000000000000000000e+00,0.000000000000000000e+00,0.000000000000000000e+00,0.000000000000000000e+00,0.000000000000000000e+00,0.000000000000000000e+00,0.000000000000000000e+00,0.000000000000000000e+00,0.000000000000000000e+00,0.000000000000000000e+00,0.000000000000000000e+00,-5.000000000000000000e-01,9.404111085370708487e-03,3.384485055325351082e-03,4.264079775114610021e-04,8.652353882093246100e-04,2.288899196313148897e-04,6.100699422367923631e-04
0.000000000000000000e+00,0.000000000000000000e+00,0.000000000000000000e+00,0.000000000000000000e+00,0.000000000000000000e+00,0.000000000000000000e+00,0.000000000000000000e+00,0.000000000000000000e+00,0.000000000000000000e+00,0.000000000000000000e+00,0.000000000000000000e+00,0.000000000000000000e+00,0.000000000000000000e+00,0.000000000000000000e+00,-4.500000000000000111e-01,6.764280529992444148e-03,1.655325159033128922e-03,3.271569978106412049e-03,4.258701708055134100e-04,7.053251410929137471e-04
0.000000000000000000e+00,0.000000000000000000e+00,0.000000000000000000e+00,0.000000000000000000e+00,0.000000000000000000e+00,0.000000000000000000e+00,0.000000000000000000e+00,0.000000000000000000e+00,0.000000000000000000e+00,0.000000000000000000e+00,0.000000000000000000e+00,0.000000000000000000e+00,0.000000000000000000e+00,0.000000000000000000e+00,0.000000000000000000e+00,-6.999999999999999556e-01,1.116472544768758700e-02,5.311077939770802829e-03,2.238483680512966603e-03,1.376799731341482114e-03
0.000000000000000000e+00,0.000000000000000000e+00,0.000000000000000000e+00,0.000000000000000000e+00,0.000000000000000000e+00,0.000000000000000000e+00,0.000000000000000000e+00,0.000000000000000000e+00,0.000000000000000000e+00,0.000000000000000000e+00,0.000000000000000000e+00,0.000000000000000000e+00,0.000000000000000000e+00,0.000000000000000000e+00,0.000000000000000000e+00,0.000000000000000000e+00,-9.000000000000000222e-01,5.805048313384429670e-03,6.819044786790383512e-03,3.033385399032194861e-03
0.000000000000000000e+00,0.000000000000000000e+00,0.000000000000000000e+00,0.000000000000000000e+00,0.000000000000000000e+00,0.000000000000000000e+00,0.000000000000000000e+00,0.000000000000000000e+00,0.000000000000000000e+00,0.000000000000000000e+00,0.000000000000000000e+00,0.000000000000000000e+00,0.000000000000000000e+00,0.000000000000000000e+00,0.000000000000000000e+00,0.000000000000000000e+00,0.000000000000000000e+00,-3.499999999999999778e-01,5.444661676509992068e-03,4.829560924289690894e-03
0.000000000000000000e+00,0.000000000000000000e+00,0.000000000000000000e+00,0.000000000000000000e+00,0.000000000000000000e+00,0.000000000000000000e+00,0.000000000000000000e+00,0.000000000000000000e+00,0.000000000000000000e+00,0.000000000000000000e+00,0.000000000000000000e+00,0.000000000000000000e+00,0.000000000000000000e+00,0.000000000000000000e+00,0.000000000000000000e+00,0.000000000000000000e+00,0.000000000000000000e+00,0.000000000000000000e+00,-4.000000000000000222e-01,5.992660569329776379e-03
0.000000000000000000e+00,0.000000000000000000e+00,0.000000000000000000e+00,0.000000000000000000e+00,0.000000000000000000e+00,0.000000000000000000e+00,0.000000000000000000e+00,0.000000000000000000e+00,0.000000000000000000e+00,0.000000000000000000e+00,0.000000000000000000e+00,0.000000000000000000e+00,0.000000000000000000e+00,0.000000000000000000e+00,0.000000000000000000e+00,0.000000000000000000e+00,0.000000000000000000e+00,0.000000000000000000e+00,0.000000000000000000e+00,-2.999999999999999889e-01
