-5.882352941176470507e-02,1.266961051888294918e-03,8.566954744799099887e-04,9.415985355025784575e-04,4.620892442881370282e-04,3.408867343793226955e-04,1.323900484622170118e-04,1.023403703323701159e-04,8.083429878314560995e-05,1.400892640955303566e-05,8.020938499367804132e-05,3.089666847931682659e-05,4.237631312582596340e-05,4.173837961929441332e-05,5.418436602233849783e-05,3.502322410691174324e-06,6.645192241202466754e-06
0.000000000000000000e+00,-5.294117647058823595e-01,6.145981504205397065e-03,7.684041368399675311e-03,7.181813881569170527e-03,3.544094070687700722e-03,1.510069393333258710e-03,4.283018312269280727e-04,9.778786483058312783e-04,1.109480449456578410e-04,6.255931144130056796e-04,3.429116312353123683e-03,4.472403268662815531e-04,6.313368791076744613e-05,2.446533024395042169e-04,1.249670637686542819e-04,2.760775126162599916e-06
0.000000000000000000e+00,0.000000000000000000e+00,-4.117647058823529216e-01,9.003553323400029923e-03,5.279549752406745115e-03,7.108899584720118799e-03,5.126595757365435407e-03,9.411661685248288653e-04,1.723410242771170661e-03,8.436501372120105676e-04,7.316682361300861758e-04,4.930908483756877859e-05,3.041985200537548244e-04,5.995272616095668761e-05,1.268422623724025072e-03,6.497225934764537015e-05,6.573024896641379211e-05
0.000000000000000000e+00,0.000000000000000000e+00,0.000000000000000000e+00,-8.823529411764705621e-01,1.059633632642174861e-02,1.064413468437141325e-02,1.305187623858277725e-02,1.349648277839454735e-03,3.612697999218961262e-03,6.270314637237441990e-04,5.447804612679651472e-04,1.654919296385053574e-03,7.373314207596721450e-04,4.096887790003764240e-04,3.720651970501477092e-03,2.582936208432108139e-04,9.596097282309300604e-05
0.000000000000000000e+00,0.000000000000000000e+00,0.000000000000000000e+00,0.000000000000000000e+00,-7.058823529411765163e-01,7.787307000689410591e-03,9.253897171029668370e-03,1.358474530730382742e-03,3.258988992169076487e-03,7.574504579260655634e-04,1.502009441359812526e-03,1.055673603299315741e-02,2.540960687592199417e-03,1.007957547764755509e-03,9.744522226036195223e-03,2.564493219325821981e-03,3.675494162884752089e-04
0.000000000000000000e+00,0.000000000000000000e+00,0.000000000000000000e+00,0.000000000000000000e+00,0.000000000000000000e+00,-6.470588235294117974e-01,1.361456330275410791e-02,2.680270573154470721e-03,8.813923076590924124e-03,3.461644362189965785e-03,2.400079681423374111e-04,1.148902767729403202e-04,3.269782828960065462e-04,3.261976863308193333e-05,3.407284215222328681e-03,9.615135119834828390e-04,2.691156062803165875e-04
0.000000000000000000e+00,0.000000000000000000e+00,0.000000000000000000e+00,0.000000000000000000e+00,0.000000000000000000e+00,0.000000000000000000e+00,-7.647058823529411242e-01,2.815490804232813511e-03,9.213242695874600957e-03,5.723054890238025647e-03,1.247924794906441913e-04,2.908539567488469327e-03,1.064635318486729313e-04,8.481474427230837210e-04,1.214883974566217939e-02,1.777717895645974325e-03,1.511360798840010638e-04
0.000000000000000000e+00,0.000000000000000000e+00,0.000000000000000000e+00,0.000000000000000000e+00,0.000000000000000000e+00,0.000000000000000000e+00,0.000000000000000000e+00,-1.764705882352941291e-01,3.888270326184932457e-03,2.520020563150262519e-03,6.020038299592139471e-05,4.961783543175485051e-04,2.929516783337332672e-04,3.596433830669662078e-04,1.268934454212221211e-03,4.984044591232676506e-04,4.048994144876461509e-04
0.000000000000000000e+00,0.000000000000000000e+00,0.000000000000000000e+00,0.000000000000000000e+00,0.000000000000000000e+00,0.000000000000000000e+00,0.000000000000000000e+00,0.000000000000000000e+00,-5.882352941176470784e-01,6.569179571170188046e-03,1.357502132361234942e-04,3.855386036369647888e-04,6.648779882753256404e-04,9.081019413078794873e-05,2.531621888212221613e-03,1.400990243053827676e-03,5.109080239357586704e-04
0.000000000000000000e+00,0.000000000000000000e+00,0.000000000000000000e+00,0.000000000000000000e+00,0.000000000000000000e+00,0.000000000000000000e+00,0.000000000000000000e+00,0.000000000000000000e+00,0.000000000000000000e+00,-3.529411764705882582e-01,1.449818528305062745e-04,9.981167161278053403e-04,9.308161368643775788e-04,3.042724581061110592e-04,4.658212601751863732e-03,1.550528316425456819e-03,1.051959854868946128e-03
0.000000000000000000e+00,0.000000000000000000e+00,0.000000000000000000e+00,0.000000000000000000e+00,0.000000000000000000e+00,0.000000000000000000e+00,0.000000000000000000e+00,0.000000000000000000e+00,0.000000000000000000e+00,0.000000000000000000e+00,-2.941176470588235392e-01,4.215330846601446704e-03,4.753663624334560599e-03,1.419247659176388386e-03,1.580156374837019592e-03,1.653927961803551431e-03,1.099347098262877086e-03
0.000000000000000000e+00,0.000000000000000000e+00,0.000000000000000000e+00,0.000000000000000000e+00,0.000000000000000000e+00,0.000000000000000000e+00,0.000000000000000000e+00,0.000000000000000000e+00,0.000000000000000000e+00,0.000000000000000000e+00,0.000000000000000000e+00,-1.000000000000000000e+00,1.006201243684813791e-02,1.659564242334177556e-03,1.102521787958959595e-02,1.374295546217279597e-02,3.065582746449969399e-03
0.000000000000000000e+00,0.000000000000000000e+00,0.000000000000000000e+00,0.000000000000000000e+00,0.000000000000000000e+00,0.000000000000000000e+00,0.000000000000000000e+00,0.000000000000000000e+00,0.000000000000000000e+00,0.000000000000000000e+00,0.000000000000000000e+00,0.000000000000000000e+00,-4.705882352941176405e-01,2.400474171944641348e-03,5.991776272189146962e-03,7.756192462326175034e-03,3.483879205174328971e-03
0.000000000000000000e+00,0.000000000000000000e+00,0.000000000000000000e+00,0.000000000000000000e+00,0.000000000000000000e+00,0.000000000000000000e+00,0.000000000000000000e+00,0.000000000000000000e+00,0.000000000000000000e+00,0.000000000000000000e+00,0.000000000000000000e+00,0.000000000000000000e+00,0.000000000000000000e+00,-1.176470588235294101e-01,2.169668976712347749e-03,2.036496465466515211e-03,2.010545323169265087e-03
0.000000000000000000e+00,0.000000000000000000e+00,0.000000000000000000e+00,0.000000000000000000e+00,0.000000000000000000e+00,0.000000000000000000e+00,0.000000000000000000e+00,0.000000000000000000e+00,0.000000000000000000e+00,0.000000000000000000e+00,0.000000000000000000e+00,0.000000000000000000e+00,0.000000000000000000e+00,0.000000000000000000e+00,-8.235294117647058432e-01,1.438798252814221280e-02,3.288271623055536146e-03
0.000000000000000000e+00,0.000000000000000000e+00,0.000000000000000000e+00,0.000000000000000000e+00,0.000000000000000000e+00,0.000000000000000000e+00,0.000000000000000000e+00,0.000000000000000000e+00,0.000000000000000000e+00,0.000000000000000000e+00,0.000000000000000000e+00,0.000000000000000000e+00,0.000000000000000000e+00,0.000000000000000000e+00,0.000000000000000000e+00,-9.411764705882352811e-01,5.223505177505736487e-03
0.000000000000000000e+00,0.000000000000000000e+00,0.000000000000000000e+00,0.000000000000000000e+00,0.000000000000000000e+00,0.000000000000000000e+00,0.000000000000000000e+00,0.000000000000000000e+00,0.000000000000000000e+00,0.000000000000000000e+00,0.000000000000000000e+00,0.000000000000000000e+00,0.000000000000000000e+00,0.000000000000000000e+00,0.000000000000000000e+00,0.000000000000000000e+00,-2.352941176470588203e-01
