-1.730769230769230727e-01,3.620655712969887306e-04,1.454854587510477333e-03,5.012424089140614077e-04,5.364620677372085571e-04,1.180915298776552807e-03,5.406237579043400403e-04,5.758959964937334372e-04,2.590378835215943125e-04,3.320078410164192611e-04,7.353601202810970466e-04,1.396790427121227460e-03,1.725053322861866412e-03,2.506741578900297755e-03,3.069787539746530405e-06,2.941050292629816631e-06,2.270506781855325866e-06,9.921524577239592909e-06,1.769270600230685080e-05,2.296227328828759058e-05,1.114586155176350221e-05,2.615874869324750014e-07,1.203864459386828672e-04,1.288782344630857958e-04,3.563591485402124595e-04,2.166577077116591693e-04
0.000000000000000000e+00,-1.730769230769230727e-01,1.173933178400872034e-03,5.207981520475973283e-04,3.120130931274959856e-04,4.648432148300433975e-04,1.480691272732697879e-03,1.285367121738635598e-04,1.122220715011555388e-04,5.009748898440991401e-05,4.008925996387430207e-05,7.455318368314885322e-05,5.093278713365191835e-05,1.125634535539958195e-04,3.160657066579566603e-06,3.558534287653354492e-07,2.699099661547711789e-07,1.714433320824643755e-06,3.517853934264444316e-06,5.357136130660439540e-06,3.212919292799847150e-06,3.299598542095272292e-07,7.471220319952203364e-06,1.430211511780820615e-06,5.329210932941098496e-06,9.395533493556143334e-07
0.000000000000000000e+00,0.000000000000000000e+00,-1.730769230769230727e-01,2.559193194179731727e-03,2.107521371488731057e-03,2.599979460230036031e-03,2.564695308240896865e-03,1.085106646494917457e-03,6.804362554615460976e-04,5.205976681178513298e-04,7.136389438548208525e-04,9.186587224711967314e-04,5.990502205222369243e-04,2.459831199123118598e-03,1.541384623043522576e-05,2.564755573454102072e-05,2.184616328446916430e-05,7.908289783811669202e-05,8.968790617249760449e-05,9.626572672877787792e-05,7.181578313877233976e-05,6.253162235972658971e-06,1.277075412528321473e-04,1.989169533574559857e-04,5.458507701250566758e-04,1.755775388707708979e-04
0.000000000000000000e+00,0.000000000000000000e+00,0.000000000000000000e+00,-7.307692307692307265e-01,1.385587528247789364e-02,2.665589609223733853e-03,3.453513973491532680e-03,2.520655999051855684e-03,7.173076125188668911e-03,6.157948787605910940e-03,5.335189196311951668e-03,3.188974484883261816e-03,3.834863840546853028e-03,1.566581727915132083e-03,7.039247846066811441e-04,1.267359004488583137e-03,6.497569931320920037e-04,2.152421845720108810e-03,2.009627673163892191e-03,1.109086322704839643e-03,3.668395818814887822e-04,3.071663145430546271e-04,8.414975312072885214e-04,1.457662376938454385e-03,2.568660453517941037e-03,1.101309965672171536e-03
0.000000000000000000e+00,0.000000000000000000e+00,0.000000000000000000e+00,0.000000000000000000e+00,-9.615384615384615641e-01,3.264244961355856380e-03,2.727129211232897071e-03,2.968322640638219358e-03,1.165694261671520494e-02,1.612999190525505125e-02,9.585487998971718021e-03,6.716790837174293691e-03,5.915414875446594473e-03,1.823049230599297667e-03,1.084324707359081907e-03,3.065595477833128486e-03,1.553497938175377483e-03,5.176678871195886794e-03,5.248911617778434513e-03,2.562262095702542725e-03,6.814845812626550833e-04,8.628009814844166819e-04,1.299900446986918499e-03,1.397060960425080059e-03,4.749647140243701271e-03,1.294088885511358780e-03
0.000000000000000000e+00,0.000000000000000000e+00,0.000000000000000000e+00,0.000000000000000000e+00,0.000000000000000000e+00,-1.730769230769230727e-01,3.002590754218320904e-03,2.900828747880965751e-03,2.713838709853807780e-03,2.335047122598096422e-03,2.143230805509528311e-03,2.607238916238428447e-03,1.382505402683004798e-03,2.501802324764209901e-03,1.377585092033511472e-04,2.106371317153184035e-04,1.944444649690796204e-04,4.709760966986308310e-04,1.066773993595187273e-03,6.851291054917562056e-04,4.702491492653203221e-04,1.317418726999443985e-04,1.239753835276480808e-04,1.542143369657792925e-04,7.923589347986325498e-04,2.630529241517994129e-04
0.000000000000000000e+00,0.000000000000000000e+00,0.000000000000000000e+00,0.000000000000000000e+00,0.000000000000000000e+00,0.000000000000000000e+00,-1.730769230769230727e-01,2.930512634371970886e-03,2.072979590630841945e-03,1.448351738945364165e-03,1.200694738591191009e-03,1.273016904975703611e-03,7.908136347500586321e-04,1.257571660851383027e-03,8.807050185024083643e-05,9.364145381362762050e-05,1.036983630131457567e-04,2.992324725549188854e-04,6.067507294434329327e-04,4.757562005179935159e-04,4.422010493725468260e-04,1.666150146672748305e-04,1.005255139254454034e-04,1.231224328941534169e-04,3.133659119650306925e-04,9.034546024977653967e-05
0.000000000000000000e+00,0.000000000000000000e+00,0.000000000000000000e+00,0.000000000000000000e+00,0.000000000000000000e+00,0.000000000000000000e+00,0.000000000000000000e+00,-1.730769230769230727e-01,3.365277675280324565e-03,2.895343279783976678e-03,2.607128023280112436e-03,2.153052919088590741e-03,1.011733090000191447e-03,8.221243959626338069e-04,1.868835741188522510e-04,2.636663867856904099e-04,3.371007920695910220e-04,7.456681281714959897e-04,1.323122162669606444e-03,1.529292845924686223e-03,1.391093682763442719e-03,3.818779968725391364e-04,2.287545357057512016e-04,2.792920913533989617e-04,4.331180564156601981e-04,2.260053834445773478e-04
0.000000000000000000e+00,0.000000000000000000e+00,0.000000000000000000e+00,0.000000000000000000e+00,0.000000000000000000e+00,0.000000000000000000e+00,0.000000000000000000e+00,0.000000000000000000e+00,-6.538461538461538547e-01,1.328345666634230676e-02,8.717981020027177480e-03,4.584944134463796520e-03,3.248869204767416714e-03,6.959198992970438719e-04,1.953480489705770352e-03,3.061310614170178503e-03,2.477616833907065556e-03,7.036495049559906775e-03,9.172022304479988258e-03,5.580370955954865909e-03,2.678332914373175114e-03,2.277741474646285610e-03,9.296714971961730911e-04,5.453137264831691561e-04,1.815226879707698259e-03,5.867159337940409209e-04
0.000000000000000000e+00,0.000000000000000000e+00,0.000000000000000000e+00,0.000000000000000000e+00,0.000000000000000000e+00,0.000000000000000000e+00,0.000000000000000000e+00,0.000000000000000000e+00,0.000000000000000000e+00,-9.230769230769231282e-01,1.435044322015068680e-02,7.460092665076937732e-03,7.749204801388067873e-03,8.138398827018666903e-04,1.362470500940932356e-03,5.118336466621234079e-03,2.707674444816792966e-03,1.186595714206709236e-02,9.137334131246125507e-03,6.061106403521010141e-03,1.836077748928207623e-03,7.427178644593883470e-04,1.247509797195198687e-03,1.476996660859546291e-03,1.711422658686927471e-03,9.693145934876284909e-04
0.000000000000000000e+00,0.000000000000000000e+00,0.000000000000000000e+00,0.000000000000000000e+00,0.000000000000000000e+00,0.000000000000000000e+00,0.000000000000000000e+00,0.000000000000000000e+00,0.000000000000000000e+00,0.000000000000000000e+00,-6.923076923076922906e-01,8.945946364670432499e-03,1.191343425379383716e-02,1.287135465402283350e-03,4.561776516946471874e-04,1.320893680915396183e-03,8.450271457731089010e-04,5.069389257713756251e-03,3.793038028990979200e-03,3.326945167726169748e-03,7.405986070949230251e-04,2.510112318376437409e-04,7.587249884443422266e-04,1.490924693607459470e-03,3.195433027950522666e-03,2.652176589282278802e-03
0.000000000000000000e+00,0.000000000000000000e+00,0.000000000000000000e+00,0.000000000000000000e+00,0.000000000000000000e+00,0.000000000000000000e+00,0.000000000000000000e+00,0.000000000000000000e+00,0.000000000000000000e+00,0.000000000000000000e+00,0.000000000000000000e+00,-4.230769230769230727e-01,9.386380194473931474e-03,2.394847124391343875e-03,1.496468467384897587e-04,6.588725459711152312e-04,4.179962290815685075e-04,1.890353639934751672e-03,1.884358043592627161e-03,1.707120270627993227e-03,4.624863434119490680e-04,9.417370586147286301e-05,6.101493083345424029e-04,1.620264969742068279e-03,4.132417330069695742e-03,2.198422416079510479e-03
0.000000000000000000e+00,0.000000000000000000e+00,0.000000000000000000e+00,0.000000000000000000e+00,0.000000000000000000e+00,0.000000000000000000e+00,0.000000000000000000e+00,0.000000000000000000e+00,0.000000000000000000e+00,0.000000000000000000e+00,0.000000000000000000e+00,0.000000000000000000e+00,-7.692307692307692735e-01,2.553006153503611757e-03,9.564201069671847107e-05,9.781764422712327465e-04,2.216502425728116032e-04,2.250734052979815308e-03,1.084686941866369689e-03,8.898013925598711798e-04,1.717262433911613127e-04,1.182712422237571820e-05,1.638639263848157626e-03,2.154657726015068737e-03,5.828768673508143150e-03,5.832759530268052418e-03
0.000000000000000000e+00,0.000000000000000000e+00,0.000000000000000000e+00,0.000000000000000000e+00,0.000000000000000000e+00,0.000000000000000000e+00,0.000000000000000000e+00,0.000000000000000000e+00,0.000000000000000000e+00,0.000000000000000000e+00,0.000000000000000000e+00,0.000000000000000000e+00,0.000000000000000000e+00,-1.730769230769230727e-01,2.879790064225721386e-05,1.129991490408048239e-04,2.577203268013165505e-05,8.279474783440253797e-05,1.868559430361536281e-04,1.100179892978225908e-04,5.472782644613221860e-05,2.833150746728903708e-06,6.972957245709809166e-04,8.002313076975197965e-04,2.432339942594837628e-03,1.158593357877023451e-03
0.000000000000000000e+00,0.000000000000000000e+00,0.000000000000000000e+00,0.000000000000000000e+00,0.000000000000000000e+00,0.000000000000000000e+00,0.000000000000000000e+00,0.000000000000000000e+00,0.000000000000000000e+00,0.000000000000000000e+00,0.000000000000000000e+00,0.000000000000000000e+00,0.000000000000000000e+00,0.000000000000000000e+00,-5.769230769230768718e-01,9.322350608062182284e-03,6.863790823521881586e-03,4.392770414933026141e-03,3.948367167036848265e-03,1.361181752872214594e-03,3.956332209997898640e-04,5.385710191122286550e-03,8.737732603608052220e-03,5.275828111537399744e-03,2.798897455595248003e-03,2.243589343681378322e-03
0.000000000000000000e+00,0.000000000000000000e+00,0.000000000000000000e+00,0.000000000000000000e+00,0.000000000000000000e+00,0.000000000000000000e+00,0.000000000000000000e+00,0.000000000000000000e+00,0.000000000000000000e+00,0.000000000000000000e+00,0.000000000000000000e+00,0.000000000000000000e+00,0.000000000000000000e+00,0.000000000000000000e+00,0.000000000000000000e+00,-8.846153846153845812e-01,9.763328255781524370e-03,1.404974164401927642e-02,8.158122108017048721e-03,2.904784708891637330e-03,5.292213414340207799e-04,2.185152087182166535e-03,9.280546079431746531e-03,9.271137884233908791e-03,5.026609701235157206e-03,5.804819627956545394e-03
0.000000000000000000e+00,0.000000000000000000e+00,0.000000000000000000e+00,0.000000000000000000e+00,0.000000000000000000e+00,0.000000000000000000e+00,0.000000000000000000e+00,0.000000000000000000e+00,0.000000000000000000e+00,0.000000000000000000e+00,0.000000000000000000e+00,0.000000000000000000e+00,0.000000000000000000e+00,0.000000000000000000e+00,0.000000000000000000e+00,0.000000000000000000e+00,-4.615384615384615641e-01,8.159215059383519847e-03,8.161177595712861346e-03,4.408668445476333041e-03,1.285799995243485077e-03,3.799164771126058680e-03,1.834377232669961522e-03,3.552597793240848227e-03,1.246901054184330112e-03,8.144539272943617696e-04
0.000000000000000000e+00,0.000000000000000000e+00,0.000000000000000000e+00,0.000000000000000000e+00,0.000000000000000000e+00,0.000000000000000000e+00,0.000000000000000000e+00,0.000000000000000000e+00,0.000000000000000000e+00,0.000000000000000000e+00,0.000000000000000000e+00,0.000000000000000000e+00,0.000000000000000000e+00,0.000000000000000000e+00,0.000000000000000000e+00,0.000000000000000000e+00,0.000000000000000000e+00,-8.076923076923077094e-01,1.003597195619649642e-02,6.689330585270368904e-03,1.789051344136596442e-03,1.226833379546073046e-03,2.881171839573623810e-03,3.967123515448820262e-03,1.682803366758878769e-03,1.280255246940536704e-03
0.000000000000000000e+00,0.000000000000000000e+00,0.000000000000000000e+00,0.000000000000000000e+00,0.000000000000000000e+00,0.000000000000000000e+00,0.000000000000000000e+00,0.000000000000000000e+00,0.000000000000000000e+00,0.000000000000000000e+00,0.000000000000000000e+00,0.000000000000000000e+00,0.000000000000000000e+00,0.000000000000000000e+00,0.000000000000000000e+00,0.000000000000000000e+00,0.000000000000000000e+00,0.000000000000000000e+00,-5.384615384615384359e-01,7.545516426094180280e-03,2.686865963813410245e-03,2.784863760684080231e-03,1.552891344134600411e-03,2.889565903225580455e-03,7.189136264554579899e-04,3.863385392081219592e-04
0.000000000000000000e+00,0.000000000000000000e+00,0.000000000000000000e+00,0.000000000000000000e+00,0.000000000000000000e+00,0.000000000000000000e+00,0.000000000000000000e+00,0.000000000000000000e+00,0.000000000000000000e+00,0.000000000000000000e+00,0.000000000000000000e+00,0.000000000000000000e+00,0.000000000000000000e+00,0.000000000000000000e+00,0.000000000000000000e+00,0.000000000000000000e+00,0.000000000000000000e+00,0.000000000000000000e+00,0.000000000000000000e+00,-3.846153846153846367e-01,3.590579665432174199e-03,1.678542072386987561e-03,5.872016948981683901e-04,1.067841845754312000e-03,3.880961495858141052e-04,2.492811509181030614e-04
0.000000000000000000e+00,0.000000000000000000e+00,0.000000000000000000e+00,0.000000000000000000e+00,0.000000000000000000e+00,0.000000000000000000e+00,0.000000000000000000e+00,0.000000000000000000e+00,0.000000000000000000e+00,0.000000000000000000e+00,0.000000000000000000e+00,0.000000000000000000e+00,0.000000000000000000e+00,0.000000000000000000e+00,0.000000000000000000e+00,0.000000000000000000e+00,0.000000000000000000e+00,0.000000000000000000e+00,0.000000000000000000e+00,0.000000000000000000e+00,-1.730769230769230727e-01,1.156752567368937896e-03,5.057639961313570499e-05,3.231855230784545910e-05,5.399152810055581070e-05,2.624756247038512945e-05
0.000000000000000000e+00,0.000000000000000000e+00,0.000000000000000000e+00,0.000000000000000000e+00,0.000000000000000000e+00,0.000000000000000000e+00,0.000000000000000000e+00,0.000000000000000000e+00,0.000000000000000000e+00,0.000000000000000000e+00,0.000000000000000000e+00,0.000000000000000000e+00,0.000000000000000000e+00,0.000000000000000000e+00,0.000000000000000000e+00,0.000000000000000000e+00,0.000000000000000000e+00,0.000000000000000000e+00,0.000000000000000000e+00,0.000000000000000000e+00,0.000000000000000000e+00,-3.461538461538461453e-01,1.477803383215224066e-03,9.120180478886687333e-04,2.868457220715943932e-04,1.616171654775552097e-04
0.000000000000000000e+00,0.000000000000000000e+00,0.000000000000000000e+00,0.000000000000000000e+00,0.000000000000000000e+00,0.000000000000000000e+00,0.000000000000000000e+00,0.000000000000000000e+00,0.000000000000000000e+00,0.000000000000000000e+00,0.000000000000000000e+00,0.000000000000000000e+00,0.000000000000000000e+00,0.000000000000000000e+00,0.000000000000000000e+00,0.000000000000000000e+00,0.000000000000000000e+00,0.000000000000000000e+00,0.000000000000000000e+00,0.000000000000000000e+00,0.000000000000000000e+00,0.000000000000000000e+00,-1.000000000000000000e+00,1.073101956308166079e-02,1.041935817679355732e-02,1.097689929151916127e-02
0.000000000000000000e+00,0.000000000000000000e+00,0.000000000000000000e+00,0.000000000000000000e+00,0.000000000000000000e+00,0.000000000000000000e+00,0.000000000000000000e+00,0.000000000000000000e+00,0.000000000000000000e+00,0.000000000000000000e+00,0.000000000000000000e+00,0.000000000000000000e+00,0.000000000000000000e+00,0.000000000000000000e+00,0.000000000000000000e+00,0.000000000000000000e+00,0.000000000000000000e+00,0.000000000000000000e+00,0.000000000000000000e+00,0.000000000000000000e+00,0.000000000000000000e+00,0.000000000000000000e+00,0.000000000000000000e+00,-5.000000000000000000e-01,1.069324437120293229e-02,9.639610398937622365e-03
0.000000000000000000e+00,0.000000000000000000e+00,0.000000000000000000e+00,0.000000000000000000e+00,0.000000000000000000e+00,0.000000000000000000e+00,0.000000000000000000e+00,0.000000000000000000e+00,0.000000000000000000e+00,0.000000000000000000e+00,0.000000000000000000e+00,0.000000000000000000e+00,0.000000000000000000e+00,0.000000000000000000e+00,0.000000000000000000e+00,0.000000000000000000e+00,0.000000000000000000e+00,0.000000000000000000e+00,0.000000000000000000e+00,0.000000000000000000e+00,0.000000000000000000e+00,0.000000000000000000e+00,0.000000000000000000e+00,0.000000000000000000e+00,-6.153846153846154188e-01,1.340563923000087469e-02
0.000000000000000000e+00,0.000000000000000000e+00,0.000000000000000000e+00,0.000000000000000000e+00,0.000000000000000000e+00,0.000000000000000000e+00,0.000000000000000000e+00,0.000000000000000000e+00,0.000000000000000000e+00,0.000000000000000000e+00,0.000000000000000000e+00,0.000000000000000000e+00,0.000000000000000000e+00,0.000000000000000000e+00,0.000000000000000000e+00,0.000000000000000000e+00,0.000000000000000000e+00,0.000000000000000000e+00,0.000000000000000000e+00,0.000000000000000000e+00,0.000000000000000000e+00,0.000000000000000000e+00,0.000000000000000000e+00,0.000000000000000000e+00,0.000000000000000000e+00,-8.461538461538461453e-01
