qubo_index,matrix_index,residue_id,lining_percentile
0,145,A:149,0.17307692307692307
1,172,A:179,0.17307692307692307
2,182,A:189,0.17307692307692307
3,184,A:191,0.7307692307692307
4,185,A:192,0.9615384615384616
5,186,A:193,0.17307692307692307
6,187,A:194,0.17307692307692307
7,189,A:196,0.17307692307692307
8,190,A:197,0.6538461538461539
9,191,A:198,0.9230769230769231
10,192,A:199,0.6923076923076923
11,193,A:200,0.4230769230769231
12,194,A:201,0.7692307692307693
13,197,A:204,0.17307692307692307
14,235,A:242,0.5769230769230769
15,239,A:246,0.8846153846153846
16,240,A:247,0.46153846153846156
17,242,A:249,0.8076923076923077
18,243,A:250,0.5384615384615384
19,244,A:251,0.38461538461538464
20,245,A:252,0.17307692307692307
21,252,A:259,0.34615384615384615
22,284,A:291,1.0
23,285,A:292,0.5
24,286,A:293,0.6153846153846154
25,287,A:294,0.8461538461538461
